from,to
Q303623,Q2936542
Q303623,Q2494175
Q303623,Q539696
Q607635,Q782429
Q607635,Q848696
Q607635,Q905540
Q607635,Q379473
Q607635,Q595972
Q607635,Q841942
Q939000,Q609985
Q939000,Q843287
Q939000,Q24906792
Q939000,Q754412
Q939000,Q916174
Q26233801,Q26245392
Q26233801,Q26265496
Q26233801,Q26254912
Q26233801,Q916735
Q26233801,Q47296003
Q26233801,Q1264404
Q26233801,Q769542
Q26233801,Q26233786
Q26233801,Q26233783
Q26233801,Q886359
Q743905,Q766954
Q743905,Q1439249
Q743905,Q1043361
Q743905,Q917328
Q743905,Q220855
Q743905,Q734020
Q743905,Q3628768
Q743905,Q7656701
Q743905,Q26233103
Q743905,Q25863624
Q743905,Q2313564
Q743905,Q7500789
Q743905,Q1636766
Q743905,Q5395306
Q743905,Q1055931
Q743905,Q26212225
Q743905,Q645932
Q743905,Q1772012
Q743905,Q1798905
Q743905,Q1799157
Q743905,Q2198226
Q743905,Q3400670
Q743905,Q1426702
Q743905,Q3628754
Q743905,Q3628777
Q743905,Q3628708
Q743905,Q988351
Q743905,Q3561232
Q743905,Q1004863
Q1433269,Q1439249
Q1433269,Q1772012
Q1433269,Q220855
Q1433269,Q25397537
Q1433269,Q2000999
Q1433269,Q26215191
Q1433269,Q766954
Q1433269,Q2463752
Q1433269,Q591384
Q1433269,Q257545
Q1433269,Q26218947
Q1433269,Q1205250
Q1433269,Q3628768
Q1433269,Q850246
Q1433269,Q657467
Q1433269,Q26203840
Q1433269,Q1772017
Q1433269,Q1798867
Q1433269,Q25991448
Q1433269,Q850209
Q1433269,Q1222287
Q1433269,Q754844
Q1433269,Q15055075
Q1433269,Q595055
Q1433269,Q1130659
Q1433269,Q3879616
Q1433269,Q3879604
Q1433269,Q3879629
Q1433269,Q3628684
Q1433269,Q2443986
Q1433269,Q10572440
Q1433269,Q7500791
Q1433269,Q38412
Q1005784,Q922248
Q1005784,Q853072
Q1005784,Q1084677
Q1005784,Q1066390
Q1005784,Q582514
Q1005784,Q2312004
Q1005784,Q26086643
Q1005641,Q1005805
Q1005641,Q1005286
Q1005641,Q1222526
Q1005641,Q517035
Q1005641,Q1005040
Q1005641,Q2311975
Q1005641,Q656634
Q3628768,Q2308435
Q3628768,Q595055
Q3628768,Q3628773
Q3628768,Q3628775
Q3628768,Q1772012
Q3628768,Q2000999
Q3628768,Q684586
Q3628768,Q3628792
Q3628768,Q2463752
Q3628768,Q1408852
Q3628768,Q3628761
Q3628768,Q744487
Q3628768,Q1636766
Q3628768,Q1798867
Q3628768,Q734020
Q3628768,Q2201769
Q3628768,Q3400670
Q3628768,Q1432187
Q3628768,Q2308161
Q3628768,Q1426702
Q3628768,Q645460
Q3628768,Q10572416
Q3628768,Q3879621
Q3628768,Q1421749
Q3628768,Q3628764
Q3628768,Q1004961
Q3628768,Q3879604
Q3628768,Q3628683
Q3628768,Q3879587
Q3628768,Q7500791
Q7400295,Q7400296
Q7400295,Q7400301
Q7400295,Q7400299
Q7400295,Q7400302
Q7400295,Q7400300
Q7400295,Q7400298
Q15506518,Q15056220
Q15506518,Q15056225
Q15506518,Q47309990
Q4951829,Q16953154
Q4951829,Q10572441
Q4951829,Q10572465
Q26212143,Q26212144
Q26212143,Q26212145
Q26212143,Q26212149
Q26212143,Q1372090
Q26212143,Q1997032
Q26212143,Q26212148
Q26212143,Q26212150
Q250187,Q1004892
Q250187,Q950563
Q250187,Q25991451
Q250187,Q3879597
Q250187,Q843851
Q250187,Q826510
Q250187,Q2312939
Q250187,Q526698
Q250187,Q26218947
Q250187,Q1005018
Q250187,Q599322
Q250187,Q3879626
Q250187,Q1076295
Q250187,Q1141105
Q1221945,Q1222023
Q1221945,Q1222173
Q1221945,Q1005066
Q1221945,Q1222654
Q1221945,Q1221877
Q3879591,Q1074316
Q3879591,Q3879594
Q3879591,Q3879561
Q3879591,Q1067772
Q3879591,Q2269716
Q3879591,Q947750
Q25239321,Q25239533
Q25239321,Q25239314
Q25239321,Q25239317
Q25239321,Q771886
Q25239321,Q4820134
Q25239321,Q25239316
Q1205250,Q2353475
Q1205250,Q26237421
Q1205250,Q7500827
Q1205250,Q25396733
Q1205250,Q5395306
Q1205250,Q1005606
Q1205250,Q2353533
Q1205250,Q25396697
Q1205250,Q1986718
Q1205250,Q23949488
Q1205250,Q1005722
Q1205250,Q1005423
Q1205250,Q940196
Q1205250,Q1346374
Q1205250,Q962842
Q1205250,Q7400329
Q1205250,Q1344366
Q1205250,Q7500836
Q1205250,Q2353523
Q1205250,Q7500786
Q1205250,Q7500761
Q1205250,Q3899244
Q1205250,Q3899249
Q766586,Q826846
Q766586,Q635603
Q766586,Q825222
Q766586,Q4903025
Q766586,Q826519
Q850246,Q1604222
Q850246,Q850209
Q850246,Q1221798
Q850246,Q3628684
Q850246,Q3879615
Q850246,Q15056095
Q850246,Q1005172
Q2071152,Q2026292
Q2071152,Q531436
Q2071152,Q305171
Q2071152,Q25932069
Q2071152,Q3879562
Q2071152,Q3879567
Q2071152,Q1064845
Q2071152,Q2000939
Q2071152,Q1771958
Q2071152,Q2070029
Q2071152,Q383513
Q2071152,Q2051400
Q2071152,Q1067772
Q2071152,Q25991448
Q2071152,Q905555
Q2071152,Q249265
Q2071160,Q916930
Q2071160,Q1798905
Q2071160,Q526698
Q2071160,Q25991449
Q2071160,Q2001050
Q2071160,Q25927635
Q2071160,Q1426854
Q2071160,Q591384
Q2071160,Q1076288
Q2071160,Q1005041
Q2071160,Q3879597
Q2071160,Q3879655
Q2071160,Q370500
Q2071160,Q26214545
Q2071160,Q1986718
Q2071160,Q15056102
Q2071160,Q7400304
Q2071160,Q578012
Q2071160,Q2174649
Q2071160,Q936086
Q2071160,Q905555
Q2071160,Q1005065
Q2071160,Q3879570
Q1520721,Q3764588
Q1520721,Q1759650
Q1520721,Q4802580
Q1520721,Q603082
Q1520721,Q780886
Q1520721,Q1659542
Q1520721,Q2054362
Q1520721,Q3235297
Q1520721,Q1656251
Q1520721,Q3181879
Q1520721,Q1043614
Q1520721,Q7426859
Q1520721,Q232032
Q1520721,Q1636437
Q1520721,Q330468
Q1520721,Q1471937
Q1520721,Q1135349
Q1520721,Q1493882
Q1520721,Q5521011
Q1204722,Q736527
Q1204722,Q4354074
Q1204722,Q26220718
Q1204722,Q3628759
Q1204722,Q3879602
Q1204722,Q1137721
Q1204722,Q25932069
Q1204722,Q1771958
Q26208755,Q26234144
Q26208755,Q26234091
Q26208755,Q65242174
Q26208755,Q605663
Q26208755,Q1799251
Q26208755,Q765044
Q26208755,Q31843484
Q26208755,Q988363
Q26208755,Q733756
Q26208755,Q26214545
Q26208755,Q841530
Q26208755,Q31843476
Q2500292,Q782722
Q2500292,Q584005
Q2500292,Q2361588
Q2500292,Q2687405
Q2500292,Q497491
Q2500292,Q2332511
Q870647,Q988374
Q870647,Q988372
Q870647,Q988369
Q7662173,Q2774005
Q7662173,Q7372009
Q7662173,Q3628779
Q7662173,Q240257
Q7662173,Q47295256
Q7662173,Q584030
Q15619183,Q15620726
Q15619183,Q15292539
Q15619183,Q15620700
Q15619183,Q658077
Q15619183,Q4903025
Q15619183,Q47295256
Q15619183,Q7656707
Q15619183,Q7656727
Q15619183,Q2318914
Q15619183,Q1005782
Q15619183,Q1005172
Q15619183,Q47263008
Q15619183,Q110324226
Q15619183,Q916735
Q15619183,Q765657
Q15619183,Q939181
Q25239533,Q25239314
Q25239533,Q25239317
Q25239533,Q7979985
Q25239533,Q7979988
Q25239533,Q4467907
Q25239533,Q1095367
Q25239533,Q7979984
Q25239533,Q3390067
Q25239533,Q7979973
Q25239533,Q4820134
Q25239533,Q25239316
Q4951830,Q10719575
Q4951830,Q10572423
Q4951830,Q10572441
Q1005783,Q704595
Q1005783,Q1005685
Q1005783,Q1066796
Q1005783,Q7674779
Q1005783,Q26219850
Q1005783,Q3980075
Q1005783,Q1005660
Q7372012,Q7372007
Q7372012,Q16968702
Q7372012,Q7372011
Q7372012,Q685266
Q7372012,Q62020025
Q7372012,Q22968982
Q7372012,Q1222270
Q7372012,Q22968973
Q7372012,Q62020036
Q7372012,Q2732321
Q7372012,Q22964422
Q7372012,Q3001409
Q633839,Q965133
Q633839,Q1256188
Q633839,Q1136226
Q3879590,Q1076288
Q3879590,Q599322
Q3879590,Q3879604
Q3879590,Q3879654
Q3879590,Q3628773
Q3879590,Q1005036
Q3879590,Q25927634
Q3879590,Q1076363
Q635569,Q212804
Q635569,Q185248
Q635569,Q270410
Q635569,Q177374
Q635569,Q700871
Q635569,Q222018
Q635569,Q811023
Q635569,Q272064
Q635569,Q164813
Q635569,Q488222
Q635569,Q578873
Q635569,Q318910
Q635569,Q214801
Q635569,Q63026
Q635569,Q255342
Q1533901,Q131074
Q1533901,Q144483
Q1533901,Q883213
Q1533901,Q221384
Q1533901,Q1140085
Q1533901,Q243439
Q1533901,Q472361
Q1533901,Q170587
Q1533901,Q1768470
Q1533901,Q142292
Q1533901,Q706668
Q1533901,Q271006
Q1533901,Q478626
Q1533901,Q162277
Q1533901,Q270351
Q1533901,Q429969
Q1533901,Q131390
Q1533901,Q430535
Q1533901,Q1140578
Q1533901,Q1140762
Q1221969,Q1221864
Q1221969,Q1222168
Q1221969,Q1222080
Q1221969,Q15703663
Q3628769,Q3628760
Q3628769,Q3628772
Q3628769,Q1432289
Q3628769,Q3628779
Q3628769,Q3879572
Q3628769,Q1094686
Q3628769,Q1408906
Q3628769,Q533383
Q3628769,Q5198393
Q3628769,Q782385
Q3628769,Q15055002
Q3628769,Q3628770
Q3628769,Q3628766
Q3628769,Q3628759
Q3628769,Q3628776
Q1005640,Q1005808
Q1005640,Q1222529
Q1005640,Q1005292
Q1005640,Q1005643
Q1005640,Q1005810
Q1005640,Q3001408
Q1005640,Q1005284
Q1005640,Q1222721
Q1005640,Q1005296
Q625713,Q885589
Q625713,Q4496
Q625713,Q637842
Q625713,Q546880
Q1326918,Q1153249
Q1326918,Q1199839
Q1520122,Q415598
Q1520122,Q462418
Q49104,Q317891
Q49104,Q179497
Q49104,Q921100
Q49104,Q26212310
Q49104,Q7500842
Q49104,Q11240
Q744487,Q3628703
Q744487,Q1432187
Q744487,Q26208442
Q744487,Q3628785
Q744487,Q1438466
Q744487,Q3628783
Q744487,Q2000949
Q744487,Q2070009
Q11240,Q243439
Q11240,Q1316
Q11240,Q838154
Q11240,Q311161
Q11240,Q177930
Q11240,Q216720
Q11240,Q1124
Q11240,Q64188
Q11240,Q270215
Q1519075,Q3764588
Q1519075,Q262778
Q1519075,Q1624299
Q1519075,Q3429458
Q1519075,Q603082
Q1519075,Q1471937
Q1519075,Q6109704
Q1519075,Q1135349
Q1519075,Q515416
Q1137047,Q499535
Q26233821,Q2070547
Q26233821,Q26225492
Q26233821,Q904345
Q26233821,Q2198226
Q26233821,Q26860
Q26233821,Q2313564
Q26233821,Q26224939
Q26233821,Q847592
Q26233821,Q2311876
Q26233821,Q26234145
Q26233821,Q26233995
Q26233821,Q26086643
Q26233821,Q1432033
Q26233821,Q1406131
Q26233821,Q2557677
Q26233821,Q2312004
Q8342,Q320211
Q8342,Q214801
Q8342,Q221384
Q8342,Q785087
Q8342,Q839434
Q262778,Q3764588
Q262778,Q2737200
Q262778,Q1326725
Q262778,Q1497594
Q262778,Q678761
Q262778,Q780886
Q262778,Q1659542
Q262778,Q3111799
Q262778,Q4296485
Q262778,Q1138659
Q262778,Q1493882
Q262778,Q6402794
Q262778,Q7397517
Q262778,Q3328063
Q262778,Q6109704
Q262778,Q4943386
Q262778,Q5555971
Q262778,Q4460079
Q262778,Q515416
Q262778,Q1636437
Q262778,Q7309828
Q262778,Q4661594
Q262778,Q2054362
Q262778,Q2923057
Q262778,Q2737320
Q262778,Q2820108
Q262778,Q7258343
Q262778,Q4802580
Q262778,Q6894320
Q262778,Q330468
Q262778,Q1141457
Q549889,Q267018
Q549889,Q1261289
Q549889,Q583869
Q549889,Q1156648
Q549889,Q1131669
Q549889,Q1543028
Q549889,Q1519049
Q549889,Q1141460
Q549889,Q965859
Q549889,Q784211
Q549889,Q663528
Q1133610,Q269912
Q1133610,Q646077
Q1133610,Q1130297
Q1133610,Q229599
Q1133610,Q834021
Q1133610,Q177374
Q1133610,Q216720
Q1133610,Q810012
Q1133610,Q134773
Q1133610,Q1534510
Q1133610,Q842720
Q1133610,Q151898
Q1133610,Q740528
Q1133610,Q2263
Q1133610,Q214013
Q1133610,Q631515
Q1133610,Q784514
Q1133610,Q785351
Q1133610,Q959853
Q1133610,Q318287
Q1133610,Q270599
Q1133610,Q575848
Q1133610,Q797242
Q1133610,Q839341
Q1133610,Q161400
Q1133610,Q1141111
Q1133610,Q475693
Q1133610,Q841476
Q1133610,Q855222
Q1133610,Q168862
Q1133610,Q1141457
Q1133610,Q1127709
Q1133610,Q1141460
Q487138,Q132451
Q487138,Q1129069
Q487138,Q971468
Q487138,Q478748
Q487138,Q429969
Q487138,Q487181
Q487138,Q2309994
Q487138,Q183081
Q487138,Q836821
Q487138,Q243439
Q487138,Q1035093
Q487138,Q3107519
Q487138,Q170035
Q1433109,Q3628783
Q1433109,Q2724464
Q1433109,Q1438466
Q1433109,Q2312004
Q1433109,Q2558493
Q1433109,Q1433079
Q1433109,Q2311975
Q1433109,Q2000968
Q1433109,Q1432202
Q1433109,Q2311876
Q1433109,Q904345
Q213208,Q375512
Q213208,Q1138659
Q213208,Q1131669
Q213208,Q3107519
Q213208,Q429934
Q213208,Q179018
Q213208,Q636043
Q213208,Q407184
Q213208,Q263455
Q213208,Q1516852
Q213208,Q2529557
Q177930,Q1138936
Q177930,Q72909
Q177930,Q786562
Q177930,Q156608
Q177930,Q108006
Q177930,Q959853
Q177930,Q849656
Q177930,Q219424
Q177930,Q1129381
Q177930,Q5890
Q177930,Q631515
Q177930,Q3589
Q177930,Q2900179
Q177930,Q810012
Q177930,Q1473878
Q177930,Q728404
Q177930,Q270215
Q429557,Q1480747
Q429557,Q260533
Q429557,Q179100
Q429557,Q136209
Q429557,Q850522
Q429557,Q833566
Q429557,Q705156
Q429557,Q482370
Q258009,Q427386
Q258009,Q132351
Q258009,Q1683918
Q258009,Q474098
Q258009,Q1350521
Q258009,Q720357
Q258009,Q1129069
Q258009,Q1140085
Q258009,Q4692983
Q258009,Q7426859
Q258009,Q3589
Q258009,Q1740909
Q491800,Q407184
Q491800,Q844883
Q491800,Q267018
Q491800,Q474098
Q491800,Q177374
Q491800,Q1140578
Q491800,Q633133
Q491800,Q1279758
Q491800,Q1129381
Q491800,Q673486
Q491800,Q636043
Q491800,Q131390
Q491800,Q478626
Q491800,Q72909
Q491800,Q1130317
Q491800,Q463832
Q491800,Q332334
Q491800,Q839596
Q491800,Q1125442
Q491800,Q498867
Q491800,Q472361
Q60016,Q156394
Q60016,Q850522
Q60016,Q1476272
Q60016,Q854589
Q60016,Q72909
Q60016,Q962544
Q60016,Q833299
Q60016,Q544465
Q60016,Q1130297
Q60016,Q136209
Q60016,Q653056
Q1138055,Q976728
Q1138055,Q959853
Q1138055,Q854589
Q1138055,Q603448
Q1138055,Q844068
Q1138055,Q133654
Q1138055,Q270410
Q1138055,Q841476
Q1138055,Q637842
Q1138055,Q962544
Q1138055,Q72909
Q1138055,Q543403
Q1138055,Q316023
Q1138055,Q1500141
Q1138055,Q840297
Q1138055,Q1683918
Q1138055,Q1167579
Q1138055,Q183081
Q1138055,Q219424
Q1138055,Q1129069
Q318910,Q219424
Q318910,Q728404
Q318910,Q493807
Q318910,Q1862797
Q318910,Q63009
Q318910,Q511914
Q318910,Q322206
Q318910,Q313998
Q318910,Q164103
Q318910,Q214801
Q318910,Q471159
Q318910,Q260963
Q318910,Q430535
Q318910,Q518863
Q318910,Q1140605
Q318910,Q494722
Q318910,Q754892
Q318910,Q164813
Q318910,Q270351
Q635937,Q1055299
Q635937,Q642501
Q635937,Q575848
Q635937,Q229599
Q635937,Q219424
Q635937,Q270599
Q635937,Q315732
Q635937,Q782955
Q635937,Q4465
Q635937,Q1089283
Q635937,Q1473878
Q635937,Q249288
Q216006,Q1350521
Q216006,Q549908
Q216006,Q217008
Q216006,Q1862797
Q216006,Q637842
Q216006,Q337747
Q216006,Q167726
Q216006,Q493755
Q216006,Q913440
Q216006,Q165325
Q216006,Q214013
Q216006,Q1129381
Q216006,Q810012
Q216006,Q183081
Q216006,Q840297
Q216006,Q142292
Q216006,Q696928
Q216006,Q318766
Q216006,Q548906
Q216006,Q63026
Q216006,Q962987
Q216006,Q4465
Q216006,Q511914
Q216006,Q832728
Q216006,Q3107519
Q216006,Q1476272
Q216006,Q1129069
Q216006,Q162277
Q216006,Q1130395
Q134773,Q180706
Q134773,Q1140439
Q134773,Q2263
Q134773,Q108006
Q134773,Q858467
Q134773,Q217008
Q134773,Q486239
Q134773,Q471159
Q134773,Q167726
Q134773,Q165817
Q134773,Q183081
Q134773,Q2309994
Q134773,Q392
Q134773,Q698033
Q134773,Q313998
Q134773,Q3772
Q134773,Q711370
Q134773,Q132451
Q134773,Q1889403
Q134773,Q144483
Q134773,Q1756560
Q134773,Q1148499
Q134773,Q332334
Q134773,Q494722
Q134773,Q498867
Q637842,Q786019
Q637842,Q1862797
Q637842,Q156911
Q637842,Q156394
Q637842,Q478748
Q637842,Q334179
Q637842,Q637021
Q637842,Q164417
Q637842,Q499633
Q637842,Q472361
Q637842,Q482662
Q637842,Q162277
Q637842,Q131074
Q637842,Q913440
Q637842,Q976728
Q637842,Q167726
Q637842,Q580716
Q637842,Q260379
Q637842,Q313998
Q637842,Q696928
Q637842,Q131390
Q637842,Q547189
Q637842,Q5890
Q637842,Q482626
Q637842,Q270599
Q637842,Q1889403
Q637842,Q144483
Q637842,Q185776
Q637842,Q2529557
Q637842,Q108543
Q637842,Q754745
Q637842,Q498109
Q637842,Q720357
Q426396,Q180560
Q426396,Q833566
Q426396,Q584766
Q426396,Q1286387
Q426396,Q168010
Q426396,Q1500141
Q426396,Q726294
Q426396,Q1292187
Q426396,Q151898
Q426396,Q214013
Q426396,Q543403
Q426396,Q1133316
Q426396,Q786562
Q426396,Q63026
Q426396,Q430535
Q426396,Q255328
Q426396,Q1483532
Q426396,Q164103
Q426396,Q1125282
Q426396,Q156394
Q426396,Q1125442
Q426396,Q163549
Q426396,Q844506
Q426396,Q1140762
Q426396,Q848785
Q698033,Q1138936
Q698033,Q429397
Q698033,Q1141457
Q698033,Q1167579
Q698033,Q179746
Q698033,Q844068
Q698033,Q483118
Q698033,Q271006
Q698033,Q850522
Q714057,Q255342
Q714057,Q429397
Q714057,Q1056853
Q714057,Q718524
Q714057,Q475693
Q714057,Q260379
Q714057,Q488169
Q714057,Q5890
Q714057,Q3772
Q714057,Q3597945
Q714057,Q375512
Q714057,Q2900179
Q714057,Q478212
Q714057,Q849475
Q785087,Q320384
Q785087,Q1244791
Q785087,Q219424
Q785087,Q1140578
Q785087,Q631103
Q785087,Q1199839
Q785087,Q494722
Q785087,Q1476272
Q785087,Q142292
Q785087,Q164813
Q785087,Q839434
Q785087,Q164963
Q785087,Q261700
Q785087,Q4227
Q785087,Q673486
Q785087,Q797242
Q131864,Q1286387
Q131864,Q160560
Q131864,Q131074
Q131864,Q488655
Q131864,Q1123479
Q131864,Q844506
Q131864,Q214801
Q131864,Q487978
Q131864,Q258204
Q131864,Q132266
Q131864,Q213411
Q131864,Q180560
Q131864,Q407184
Q131864,Q1125282
Q131864,Q161087
Q131864,Q164963
Q131864,Q164813
Q131864,Q167726
Q488222,Q491664
Q488222,Q488169
Q488222,Q337747
Q488222,Q493755
Q488222,Q475693
Q488222,Q163549
Q488222,Q7137311
Q488222,Q500612
Q488222,Q1043614
Q488222,Q1004968
Q488222,Q160215
Q488222,Q636043
Q488222,Q831437
Q261923,Q1129069
Q261923,Q303862
Q261923,Q673486
Q261923,Q575848
Q261923,Q962809
Q261923,Q177374
Q261923,Q2355815
Q261923,Q1140935
Q261923,Q1752509
Q261923,Q635632
Q261923,Q320384
Q261923,Q3212960
Q261923,Q494722
Q261923,Q844068
Q261923,Q170035
Q786019,Q300842
Q786019,Q965859
Q786019,Q167726
Q786019,Q142292
Q786019,Q976728
Q786019,Q250912
Q786019,Q162277
Q786019,Q811023
Q786019,Q646269
Q786019,Q313998
Q786019,Q261700
Q786019,Q518863
Q786019,Q270599
Q786019,Q1346982
Q962544,Q1141252
Q962544,Q1476272
Q962544,Q1141111
Q962544,Q250912
Q962544,Q1286387
Q962544,Q270599
Q962544,Q673486
Q962544,Q1129381
Q962544,Q550205
Q962544,Q784514
Q962544,Q913440
Q962544,Q754745
Q962544,Q971468
Q962544,Q550196
Q962544,Q969059
Q962544,Q2808
Q962544,Q963859
Q962544,Q1027135
Q962544,Q133654
Q962544,Q132351
Q962544,Q1131669
Q962544,Q131390
Q962544,Q1244791
Q962544,Q482662
Q962544,Q2309994
Q962544,Q1473878
Q962544,Q831437
Q962544,Q908982
Q962544,Q1336107
Q962544,Q267866
Q72909,Q320384
Q72909,Q1167579
Q72909,Q108543
Q72909,Q321561
Q72909,Q5890
Q72909,Q165817
Q72909,Q300439
Q72909,Q220299
Q72909,Q976728
Q72909,Q959853
Q72909,Q7137311
Q72909,Q131390
Q72909,Q1130395
Q72909,Q580716
Q72909,Q631515
Q72909,Q170035
Q72909,Q137754
Q72909,Q2171744
Q72909,Q1127281
Q72909,Q267866
Q969059,Q833566
Q969059,Q631515
Q969059,Q962987
Q969059,Q785719
Q969059,Q965859
Q969059,Q1476272
Q969059,Q974615
Q969059,Q267866
Q969059,Q646077
Q969059,Q1133132
Q969059,Q2355815
Q969059,Q1756560
Q969059,Q270410
Q963713,Q631103
Q963713,Q156394
Q963713,Q959853
Q963713,Q177374
Q963713,Q270599
Q963713,Q726294
Q963713,Q463832
Q963713,Q784514
Q963713,Q970089
Q963713,Q132266
Q963713,Q1500457
Q963713,Q511914
Q963713,Q1537562
Q963713,Q676513
Q963713,Q471720
Q488655,Q108006
Q488655,Q426828
Q488655,Q636043
Q488655,Q334179
Q488655,Q486239
Q488655,Q781344
Q488655,Q493755
Q488655,Q315732
Q488655,Q313566
Q488655,Q499633
Q488655,Q132266
Q488655,Q2808
Q488655,Q482626
Q488655,Q243439
Q488655,Q1148499
Q488655,Q2309994
Q488655,Q1140762
Q7747,Q315953
Q7747,Q783823
Q7747,Q715836
Q7747,Q862
Q7747,Q215057
Q7747,Q179497
Q7747,Q544465
Q7747,Q315975
Q7747,Q544464
Q7747,Q2808
Q7747,Q4496
Q7747,Q1136226
Q7747,Q171745
Q7747,Q271006
Q7747,Q844883
Q213773,Q515416
Q213773,Q156394
Q213773,Q1127281
Q213773,Q841203
Q213773,Q478212
Q213773,Q156911
Q213773,Q241218
Q213773,Q1133316
Q213773,Q726294
Q213773,Q478748
Q213773,Q646426
Q213773,Q167726
Q213773,Q1140762
Q213773,Q458629
Q213773,Q1470767
Q214801,Q515416
Q214801,Q1140935
Q214801,Q3589
Q214801,Q834021
Q214801,Q499371
Q214801,Q913440
Q214801,Q1473878
Q214801,Q1130395
Q214801,Q318766
Q214801,Q1123479
Q214801,Q176826
Q214801,Q580716
Q214801,Q270385
Q214801,Q1130317
Q214801,Q1125282
Q214801,Q280918
Q214801,Q462418
Q214801,Q300439
Q214801,Q1058555
Q214801,Q1206261
Q214801,Q34414
Q214801,Q241085
Q1049551,Q26212225
Q1049551,Q591384
Q1049551,Q2071171
Q1049551,Q25397537
Q1049551,Q2000999
Q1049551,Q3628683
Q1049551,Q677027
Q1049551,Q3628761
Q1049551,Q2463752
Q1049551,Q1426854
Q1049551,Q1055931
Q1049551,Q26212202
Q1049551,Q2000968
Q1049551,Q1798983
Q1049551,Q841530
Q1049551,Q526698
Q1049551,Q593761
Q1049551,Q1005040
Q1049551,Q927998
Q1049551,Q3879653
Q1049551,Q2312939
Q1049551,Q3879597
Q214013,Q474098
Q214013,Q337747
Q214013,Q428551
Q214013,Q71960
Q214013,Q232219
Q214013,Q483941
Q214013,Q913440
Q214013,Q392441
Q214013,Q59595
Q214013,Q159690
Q214013,Q321561
Q214013,Q463832
Q214013,Q212804
Q214013,Q840297
Q214013,Q2819546
Q214013,Q1058555
Q214013,Q1129534
Q976728,Q959853
Q976728,Q1137310
Q976728,Q636166
Q976728,Q543403
Q976728,Q316023
Q976728,Q1286387
Q976728,Q1292187
Q976728,Q212804
Q976728,Q642501
Q976728,Q263455
Q976728,Q482370
Q976728,Q1543028
Q976728,Q2171744
Q976728,Q1089283
Q976728,Q2309994
Q976728,Q1475136
Q976728,Q1356402
Q976728,Q754745
Q976728,Q219424
Q976728,Q1206261
Q976728,Q740528
Q976728,Q918380
Q976728,Q475693
Q976728,Q1140578
Q976728,Q164804
Q976728,Q842720
Q976728,Q167726
Q976728,Q1141457
Q133654,Q65932
Q133654,Q255342
Q133654,Q483166
Q133654,Q270215
Q133654,Q486239
Q133654,Q270351
Q133654,Q728404
Q133654,Q842720
Q133654,Q165392
Q133654,Q160618
Q133654,Q222018
Q133654,Q483941
Q133654,Q1336107
Q133654,Q162729
Q133654,Q176826
Q133654,Q580716
Q133654,Q429311
Q133654,Q427386
Q133654,Q487090
Q133654,Q464252
Q133654,Q321561
Q133654,Q173585
Q133654,Q1129534
Q215057,Q545307
Q215057,Q714909
Q215057,Q881215
Q215057,Q162997
Q215057,Q142292
Q215057,Q179497
Q215057,Q5608
Q215057,Q880297
Q215057,Q718335
Q486954,Q486239
Q486954,Q1130317
Q486954,Q108006
Q486954,Q638386
Q486954,Q229599
Q486954,Q212804
Q486954,Q635632
Q486954,Q7371
Q486954,Q1148499
Q429934,Q471976
Q429934,Q836503
Q429934,Q272064
Q429934,Q318766
Q429934,Q726294
Q429934,Q179018
Q429934,Q547120
Q429934,Q1269212
Q429934,Q261700
Q429934,Q260533
Q429934,Q784211
Q429934,Q180405
Q429934,Q407184
Q429934,Q509256
Q429934,Q1516852
Q429934,Q222018
Q429934,Q1156648
Q429934,Q578873
Q429934,Q499371
Q429934,Q1140085
Q429934,Q498109
Q429934,Q478212
Q429934,Q1129069
Q429934,Q1127709
Q970089,Q3328063
Q970089,Q1269212
Q970089,Q1140935
Q970089,Q575848
Q970089,Q1125451
Q970089,Q1683918
Q970089,Q318766
Q970089,Q842720
Q970089,Q603448
Q970089,Q486239
Q970089,Q483941
Q970089,Q1480747
Q970089,Q785719
Q970089,Q754745
Q970089,Q165325
Q970089,Q142292
Q970089,Q1127709
Q970089,Q959853
Q970089,Q492093
Q970089,Q637021
Q970089,Q786562
Q970089,Q639481
Q970089,Q217182
Q970089,Q1483532
Q970089,Q252097
Q970089,Q164103
Q970089,Q840297
Q970089,Q533383
Q970089,Q334179
Q970089,Q466533
Q970089,Q463832
Q970089,Q1756560
Q970089,Q584766
Q970089,Q322206
Q970089,Q1129069
Q970089,Q157044
Q970089,Q844506
Q970089,Q1124080
Q970089,Q1141460
Q2071129,Q2071135
Q2071129,Q2090641
Q2071129,Q1799275
Q2071129,Q26219843
Q2071129,Q26219861
Q2071129,Q956242
Q2071129,Q1193982
Q2071129,Q853040
Q2071129,Q3879603
Q2071129,Q1799251
Q2071129,Q1827915
Q2071129,Q1043342
Q2071129,Q2070009
Q2071129,Q939181
Q2071129,Q886359
Q2071129,Q1422103
Q2071135,Q26233319
Q2071135,Q1043354
Q2071135,Q26223026
Q2071135,Q2174649
Q2071135,Q21858018
Q2071135,Q784131
Q2071135,Q2313552
Q2071135,Q25991461
Q2071135,Q26219843
Q2071135,Q26208467
Q2071135,Q26273359
Q2071135,Q26219862
Q2071135,Q25396697
Q2071135,Q15056101
Q2071135,Q1198508
Q2071135,Q7656707
Q2090641,Q1799275
Q2090641,Q26233297
Q2090641,Q853049
Q2090641,Q1432289
Q2090641,Q2723756
Q2090641,Q3879642
Q2090641,Q26219843
Q2090641,Q2001009
Q2090641,Q21858030
Q2090641,Q843287
Q2090641,Q1798882
Q2090641,Q1772017
Q2090641,Q1799157
Q2090641,Q3879565
Q26219843,Q26233297
Q26219843,Q26219861
Q26219843,Q1799275
Q26219843,Q853049
Q26219843,Q1439338
Q26219843,Q3628767
Q26219843,Q26233317
Q26219843,Q26219842
Q26219843,Q21858030
Q26219843,Q939181
Q26219843,Q3628763
Q26208467,Q544177
Q26208467,Q1771990
Q26208467,Q2557141
Q26208467,Q21858018
Q26208467,Q26225938
Q26208467,Q2070009
Q26208467,Q1439291
Q26208467,Q7656692
Q2001009,Q26233317
Q2001009,Q947750
Q2001009,Q685266
Q2001009,Q257545
Q2001009,Q1799275
Q65242144,Q26234051
Q65242144,Q1799251
Q65242144,Q65242174
Q65242144,Q3628774
Q65242144,Q25397537
Q65242144,Q2000939
Q65242144,Q2069991
Q65242144,Q3628759
Q65242144,Q31843481
Q65242144,Q26212275
Q65242144,Q28209
Q65242144,Q288549
Q492093,Q1124980
Q492093,Q842073
Q492093,Q1286551
Q492093,Q1133316
Q492093,Q1140935
Q492093,Q784514
Q492093,Q533383
Q492093,Q428551
Q492093,Q464252
Q492093,Q1141252
Q633133,Q1480747
Q633133,Q486239
Q633133,Q1089283
Q633133,Q834021
Q633133,Q1124980
Q633133,Q213411
Q633133,Q131390
Q633133,Q162277
Q633133,Q428551
Q638386,Q270215
Q638386,Q1124080
Q638386,Q407184
Q638386,Q959853
Q638386,Q466533
Q638386,Q1140935
Q638386,Q241218
Q638386,Q1114685
Q638386,Q428551
Q638386,Q696928
Q638386,Q781344
Q638386,Q213411
Q638386,Q556967
Q638386,Q1740909
Q638386,Q108006
Q638386,Q1125442
Q638386,Q499371
Q638386,Q1127184
Q638386,Q478212
Q638386,Q34414
Q638386,Q165392
Q543403,Q1055299
Q543403,Q219424
Q543403,Q1534510
Q543403,Q959853
Q543403,Q1089283
Q543403,Q270599
Q543403,Q486239
Q543403,Q164417
Q543403,Q142292
Q543403,Q698492
Q543403,Q548906
Q543403,Q180560
Q543403,Q263460
Q260379,Q849475
Q260379,Q1056853
Q260379,Q59595
Q260379,Q707880
Q260379,Q498109
Q260379,Q314176
Q260379,Q478212
Q260379,Q142292
Q260379,Q718524
Q260379,Q1269212
Q260379,Q180405
Q260379,Q1286551
Q260379,Q3772
Q260379,Q263455
Q260379,Q832728
Q260379,Q463832
Q260379,Q2529557
Q260379,Q1216898
Q260379,Q836821
Q260379,Q157044
Q260379,Q842073
Q260379,Q848785
Q636166,Q748614
Q636166,Q965859
Q636166,Q1140578
Q636166,Q1127281
Q636166,Q720357
Q544359,Q3536743
Q544359,Q891821
Q544359,Q7517709
Q544359,Q232032
Q544359,Q3111799
Q544359,Q2923057
Q544359,Q3181879
Q544359,Q1393668
Q544359,Q3530081
Q544359,Q392441
Q544359,Q3327400
Q544359,Q3429458
Q544359,Q2737320
Q319061,Q684470
Q319061,Q1470767
Q319061,Q471159
Q319061,Q855222
Q319061,Q3589
Q319061,Q270410
Q319061,Q270599
Q319061,Q1768470
Q319061,Q309214
Q319061,Q160618
Q319061,Q575848
Q319061,Q321561
Q319061,Q495513
Q319061,Q162225
Q319061,Q478212
Q550196,Q549908
Q550196,Q583869
Q550196,Q1543028
Q550196,Q181069
Q550196,Q786562
Q550196,Q474098
Q550196,Q663528
Q547120,Q162225
Q547120,Q180706
Q547120,Q1130297
Q547120,Q1346982
Q547120,Q839596
Q547120,Q493807
Q547120,Q183081
Q547120,Q977750
Q547120,Q168862
Q547120,Q1127281
Q547120,Q726294
Q547120,Q131074
Q547120,Q511914
Q547120,Q841203
Q547120,Q696928
Q547120,Q849475
Q547120,Q250912
Q1133132,Q836503
Q1133132,Q164804
Q1133132,Q232219
Q1133132,Q918380
Q1133132,Q636043
Q1133132,Q483118
Q1133132,Q962987
Q1133132,Q1138659
Q1133132,Q511914
Q1133132,Q1140605
Q1133132,Q2819546
Q313998,Q2355815
Q313998,Q1537071
Q313998,Q784211
Q313998,Q670439
Q313998,Q269692
Q313998,Q707880
Q313998,Q166262
Q313998,Q913440
Q313998,Q1127281
Q313998,Q487181
Q313998,Q131390
Q313998,Q1130395
Q313998,Q726294
Q313998,Q318766
Q313998,Q471720
Q313998,Q511914
Q313998,Q160618
Q313998,Q408725
Q313998,Q1141420
Q313998,Q1698939
Q313998,Q185248
Q313998,Q844068
Q429311,Q1180839
Q429311,Q839042
Q429311,Q880786
Q429311,Q882665
Q429311,Q311161
Q429311,Q142292
Q429311,Q603448
Q429311,Q315732
Q429311,Q5890
Q429311,Q1141457
Q429311,Q1336107
Q429311,Q1056853
Q139245,Q260533
Q139245,Q851095
Q139245,Q16156200
Q426828,Q4480654
Q426828,Q229599
Q426828,Q229603
Q426828,Q483941
Q426828,Q1199323
Q426828,Q1768470
Q426828,Q535550
Q426828,Q180706
Q426828,Q785098
Q426828,Q258204
Q426828,Q1476272
Q426828,Q1434995
Q426828,Q161087
Q426828,Q1130395
Q426828,Q1127281
Q426828,Q250912
Q426828,Q478626
Q316023,Q854589
Q316023,Q217182
Q316023,Q494722
Q316023,Q1089281
Q316023,Q1131669
Q257630,Q834021
Q257630,Q1074032
Q257630,Q642501
Q257630,Q498867
Q257630,Q1286387
Q257630,Q1140935
Q257630,Q1137831
Q257630,Q179746
Q257630,Q1129381
Q257630,Q849656
Q257630,Q428551
Q257630,Q641786
Q257630,Q515416
Q257630,Q1476272
Q257630,Q726294
Q1799275,Q853049
Q1799275,Q1827915
Q1799275,Q1799157
Q1799275,Q2000988
Q1799275,Q1422103
Q1771990,Q544177
Q1771990,Q2557141
Q1771990,Q591384
Q1771990,Q677027
Q1771990,Q3628761
Q1771990,Q221335
Q1771990,Q3628699
Q1133772,Q784514
Q1133772,Q294641
Q1133772,Q169082
Q1133772,Q1114685
Q1133772,Q334179
Q1133772,Q471720
Q1133772,Q726294
Q1133772,Q1133316
Q1133772,Q1286551
Q1133772,Q646269
Q1133772,Q372299
Q1133772,Q918380
Q782822,Q267018
Q782822,Q1137831
Q782822,Q303862
Q782822,Q177374
Q782822,Q168010
Q782822,Q164813
Q782822,Q2392216
Q2194130,Q2437166
Q2194130,Q843287
Q2194130,Q25476545
Q2194130,Q47296003
Q2194130,Q916735
Q487181,Q839434
Q487181,Q1127709
Q487181,Q851095
Q487181,Q754745
Q487181,Q1140935
Q487181,Q720357
Q487181,Q1140578
Q487181,Q486239
Q487181,Q842770
Q487181,Q1130395
Q487181,Q142292
Q487181,Q478212
Q487181,Q1129069
Q487181,Q164103
Q487181,Q639481
Q487181,Q850522
Q487181,Q549908
Q487181,Q429969
Q487181,Q1256231
Q487181,Q462418
Q132351,Q163549
Q132351,Q272064
Q132351,Q839596
Q132351,Q243439
Q132351,Q334179
Q132351,Q1470767
Q132351,Q844068
Q132351,Q142292
Q132351,Q1129381
Q132351,Q427386
Q132351,Q270351
Q132351,Q392441
Q132351,Q475693
Q132351,Q885589
Q132351,Q1546370
Q132351,Q646077
Q132351,Q832728
Q132351,Q1140605
Q132351,Q2309994
Q132351,Q836821
Q132351,Q164813
Q1269212,Q2392216
Q1269212,Q1141457
Q1269212,Q1055299
Q1269212,Q3212960
Q1269212,Q1138659
Q1269212,Q5555971
Q1269212,Q471976
Q1269212,Q478626
Q1269212,Q544098
Q1269212,Q180706
Q883213,Q372299
Q883213,Q498867
Q883213,Q300439
Q883213,Q838154
Q883213,Q2073496
Q883213,Q1180839
Q883213,Q180560
Q883213,Q270599
Q883213,Q2392216
Q883213,Q642516
Q883213,Q646077
Q883213,Q673486
Q883213,Q142292
Q488169,Q491664
Q488169,Q483166
Q488169,Q334179
Q488169,Q165817
Q488169,Q482626
Q488169,Q255342
Q488169,Q880701
Q488169,Q831437
Q785098,Q375512
Q785098,Q165325
Q785098,Q486239
Q785098,Q1427521
Q785098,Q1148499
Q785098,Q216720
Q785098,Q834021
Q785098,Q548906
Q785098,Q535550
Q785098,Q255342
Q785098,Q1543439
Q785098,Q16156200
Q785098,Q185376
Q1153249,Q10152
Q1153249,Q853072
Q180706,Q221384
Q180706,Q164813
Q180706,Q222018
Q180706,Q142292
Q180706,Q1475136
Q180706,Q1140578
Q180706,Q269912
Q487978,Q498910
Q487978,Q754745
Q487978,Q131074
Q487978,Q185776
Q487978,Q851095
Q258204,Q151898
Q258204,Q3772
Q258204,Q185248
Q258204,Q1286387
Q258204,Q1127184
Q258204,Q137754
Q8006,Q1723681
Q8006,Q165325
Q8006,Q3411591
Q8006,Q786562
Q8006,Q547189
Q8006,Q177219
Q8006,Q66637
Q8006,Q243439
Q8006,Q1089281
Q8006,Q1130395
Q1137310,Q1480747
Q1137310,Q841476
Q1137310,Q216720
Q1137310,Q156608
Q1137310,Q429397
Q1137310,Q700871
Q1137310,Q407184
Q1137310,Q263455
Q1137310,Q482370
Q1137310,Q108006
Q1137310,Q1140085
Q1137310,Q263460
Q1137310,Q849656
Q216720,Q430535
Q216720,Q1141457
Q216720,Q156608
Q216720,Q834021
Q216720,Q741196
Q216720,Q1129381
Q216720,Q1534510
Q216720,Q849656
Q216720,Q1316
Q216720,Q408725
Q216720,Q221384
Q216720,Q1130317
Q216720,Q222018
Q216720,Q1756560
Q216720,Q1140085
Q216720,Q270215
Q216720,Q272064
Q1131669,Q854589
Q1131669,Q471976
Q1131669,Q1156648
Q1131669,Q646269
Q1131669,Q1129069
Q1131669,Q165392
Q1131669,Q482662
Q1131669,Q511914
Q1131669,Q509256
Q1131669,Q462418
Q1131669,Q2355815
Q1131669,Q478626
Q59931,Q841203
Q59931,Q372299
Q59931,Q653056
Q59931,Q164417
Q59931,Q472165
Q59931,Q180560
Q59931,Q2263
Q59931,Q836821
Q59931,Q2819546
Q59931,Q157044
Q59931,Q603448
Q59931,Q162729
Q59931,Q463768
Q59931,Q1434995
Q59931,Q839434
Q59931,Q1141111
Q59931,Q833299
Q59931,Q854589
Q63009,Q472165
Q63009,Q1257599
Q63009,Q219424
Q63009,Q839341
Q491664,Q475693
Q491664,Q483166
Q491664,Q1503700
Q491664,Q1076823
Q491664,Q177219
Q491664,Q164813
Q1133316,Q901213
Q1133316,Q232219
Q1133316,Q1483532
Q1133316,Q1134271
Q1133316,Q580716
Q1133316,Q1127184
Q1133316,Q726294
Q1133316,Q430535
Q1133316,Q603448
Q1133316,Q1257599
Q1133316,Q1129534
Q1133316,Q1476272
Q1133316,Q177374
Q1133316,Q255342
Q1133316,Q408725
Q1133316,Q255328
Q1133316,Q372299
Q1133316,Q670439
Q1133316,Q653056
Q1133316,Q1199323
Q1133316,Q918380
Q1133316,Q1127709
Q1133316,Q272064
Q1133316,Q1141460
Q1135349,Q263006
Q1135349,Q3429458
Q1135349,Q1060293
Q1135349,Q1798105
Q1135349,Q1659542
Q1135349,Q515416
Q1135349,Q1433549
Q1135349,Q3157001
Q1135349,Q232032
Q1135349,Q1471937
Q1135349,Q788520
Q1135349,Q1503700
Q1135349,Q3411599
Q1135349,Q3235309
Q1135349,Q3182895
Q1135349,Q7309828
Q1135349,Q1076823
Q1135349,Q1166556
Q1135349,Q4899703
Q1135349,Q2820108
Q1135349,Q1964153
Q1135349,Q330468
Q1135349,Q1043614
Q255376,Q1127709
Q255376,Q63026
Q255376,Q263460
Q255376,Q1141457
Q255376,Q1500141
Q255376,Q165392
Q255376,Q131380
Q255376,Q646269
Q255376,Q1169609
Q255376,Q1141111
Q255376,Q833566
Q255376,Q1124875
Q1134271,Q1131279
Q1134271,Q64151
Q1134271,Q156394
Q1134271,Q280918
Q1134271,Q575848
Q261700,Q1055299
Q261700,Q222018
Q261700,Q1167579
Q261700,Q1292187
Q261700,Q164417
Q261700,Q1500141
Q261700,Q1129381
Q260533,Q797242
Q260533,Q300439
Q260533,Q854589
Q260533,Q841203
Q260533,Q603448
Q260533,Q493755
Q260533,Q810012
Q260533,Q850522
Q260533,Q179100
Q260533,Q483118
Q260533,Q784211
Q260533,Q180405
Q260533,Q132266
Q260533,Q631515
Q260533,Q642516
Q260533,Q466533
Q260533,Q280918
Q260533,Q676513
Q260533,Q185776
Q260533,Q1480747
Q260533,Q1336107
Q177374,Q160560
Q177374,Q1137831
Q177374,Q232219
Q177374,Q1139794
Q177374,Q462418
Q177374,Q320384
Q177374,Q429397
Q177374,Q913440
Q177374,Q1244791
Q177374,Q784514
Q177374,Q2808
Q177374,Q550205
Q177374,Q493807
Q177374,Q850522
Q177374,Q263455
Q177374,Q4943386
Q177374,Q1543439
Q177374,Q660894
Q177374,Q156394
Q177374,Q1543028
Q177374,Q185776
Q177374,Q839341
Q177374,Q918380
Q177374,Q833566
Q177374,Q34414
Q177374,Q165392
Q177374,Q478626
Q255342,Q498109
Q255342,Q849475
Q255342,Q217008
Q255342,Q646077
Q255342,Q631103
Q255342,Q267018
Q255342,Q971468
Q255342,Q243439
Q255342,Q164963
Q255342,Q885589
Q255342,Q673486
Q255342,Q463832
Q255342,Q183081
Q255342,Q1125451
Q255342,Q499535
Q255342,Q311161
Q255342,Q250912
Q255342,Q173585
Q428551,Q1137831
Q428551,Q168862
Q428551,Q132266
Q428551,Q318766
Q428551,Q166272
Q428551,Q498109
Q428551,Q407184
Q428551,Q419454
Q428551,Q1056853
Q428551,Q726294
Q428551,Q1244791
Q428551,Q72925
Q428551,Q280918
Q428551,Q1089281
Q1137831,Q841203
Q1137831,Q1543028
Q1137831,Q858467
Q1137831,Q1140935
Q1137831,Q1543439
Q1137831,Q515416
Q1137831,Q1756560
Q1137831,Q304074
Q1137831,Q1138936
Q784211,Q785719
Q784211,Q3107519
Q784211,Q670439
Q784211,Q318766
Q784211,Q179018
Q179100,Q1480747
Q179100,Q1141457
Q179100,Q641786
Q179100,Q959853
Q179100,Q1138659
Q179100,Q885204
Q179100,Q1493882
Q179100,Q858467
Q179100,Q483118
Q179100,Q157044
Q971468,Q156394
Q971468,Q151898
Q971468,Q1500457
Q971468,Q1125451
Q971468,Q550205
Q971468,Q1768470
Q971468,Q1056853
Q971468,Q631103
Q971468,Q1244791
Q971468,Q181069
Q971468,Q185248
Q971468,Q1127184
Q971468,Q160560
Q971468,Q250912
Q971468,Q483166
Q635632,Q1130317
Q635632,Q175535
Q635632,Q161087
Q635632,Q646077
Q635632,Q156394
Q635632,Q1129381
Q635632,Q826580
Q635632,Q1198508
Q635632,Q1005334
Q635632,Q621529
Q493755,Q313566
Q493755,Q1125451
Q493755,Q1537562
Q493755,Q575848
Q493755,Q171745
Q493755,Q136209
Q493755,Q810012
Q493755,Q603448
Q493755,Q1140578
Q493755,Q334179
Q493755,Q2529557
Q493755,Q836821
Q493755,Q901213
Q493755,Q533383
Q493755,Q5890
Q493755,Q72925
Q493755,Q255328
Q493755,Q493807
Q493755,Q850522
Q493755,Q243439
Q493755,Q392441
Q493755,Q1862797
Q493755,Q673486
Q493755,Q676513
Q493755,Q684470
Q493755,Q164813
Q493755,Q741196
Q493755,Q858467
Q493755,Q162729
Q493755,Q160560
Q493755,Q842770
Q493755,Q1129534
Q1261289,Q2392216
Q1261289,Q2819546
Q1261289,Q1156648
Q1261289,Q185376
Q1261289,Q726294
Q1261289,Q548906
Q1261289,Q1279758
Q1261289,Q535550
Q1261289,Q1516833
Q1261289,Q108006
Q1261289,Q16156200
Q1261289,Q1141111
Q1261289,Q228936
Q637021,Q1129227
Q637021,Q419454
Q637021,Q1130395
Q637021,Q707880
Q637021,Q466533
Q637021,Q320384
Q637021,Q164963
Q637021,Q131074
Q637021,Q898721
Q637021,Q334179
Q637021,Q785719
Q637021,Q160618
Q637021,Q160560
Q637021,Q4480654
Q637021,Q1125384
Q637021,Q1129381
Q637021,Q165392
Q637021,Q134077
Q637021,Q1537071
Q637021,Q631103
Q637021,Q63026
Q637021,Q535550
Q637021,Q202735
Q180405,Q548906
Q180405,Q833566
Q180405,Q518863
Q180405,Q429969
Q180405,Q849656
Q180405,Q839042
Q180405,Q65932
Q180405,Q1169609
Q180405,Q1334948
Q179746,Q547189
Q179746,Q1141457
Q179746,Q1167579
Q179746,Q607122
Q179746,Q705156
Q408725,Q1476272
Q408725,Q646269
Q408725,Q300842
Q408725,Q841515
Q408725,Q1180839
Q408725,Q834021
Q408725,Q2355815
Q408725,Q185776
Q408725,Q1129069
Q408725,Q726294
Q429397,Q498867
Q429397,Q718524
Q429397,Q810012
Q429397,Q164417
Q429397,Q165817
Q429397,Q427386
Q429397,Q840297
Q429397,Q375512
Q429397,Q300439
Q429397,Q2900179
Q429397,Q1056853
Q429397,Q108543
Q429397,Q167437
Q429397,Q162729
Q429397,Q272064
Q636043,Q160215
Q636043,Q161087
Q636043,Q1519049
Q636043,Q1141460
Q636043,Q646426
Q636043,Q131390
Q636043,Q498109
Q636043,Q475693
Q636043,Q270410
Q636043,Q59595
Q636043,Q3772
Q636043,Q509256
Q636043,Q462418
Q636043,Q471720
Q786562,Q160560
Q786562,Q217182
Q786562,Q156608
Q786562,Q754745
Q786562,Q165392
Q786562,Q797242
Q786562,Q270351
Q786562,Q1130705
Q786562,Q1148499
Q786562,Q463768
Q544098,Q831437
Q544098,Q1336107
Q544098,Q1138659
Q544098,Q2355815
Q544098,Q849656
Q544098,Q575848
Q544098,Q841476
Q544098,Q607122
Q544098,Q591556
Q544098,Q754745
Q544098,Q498867
Q179018,Q1125282
Q179018,Q977750
Q179018,Q2174649
Q179018,Q754412
Q179018,Q726294
Q179018,Q318766
Q179018,Q511914
Q179018,Q280918
Q179018,Q1156648
Q179018,Q1336107
Q179018,Q844883
Q696928,Q159690
Q696928,Q163549
Q696928,Q1125442
Q696928,Q580716
Q696928,Q3107519
Q696928,Q913440
Q696928,Q700871
Q696928,Q646269
Q696928,Q533383
Q696928,Q498109
Q696928,Q1519049
Q696928,Q841203
Q696928,Q720357
Q131390,Q162277
Q131390,Q131074
Q131390,Q2309994
Q131390,Q836821
Q131390,Q220299
Q131390,Q913440
Q131390,Q1035093
Q131390,Q108543
Q131390,Q1129381
Q131390,Q673486
Q131390,Q811023
Q131390,Q478626
Q131390,Q483941
Q131390,Q498867
Q131390,Q1257599
Q131390,Q621529
Q131390,Q270599
Q131390,Q1123621
Q131390,Q160560
Q700871,Q1500141
Q700871,Q164417
Q700871,Q518863
Q700871,Q959853
Q700871,Q858467
Q700871,Q164813
Q700871,Q1124875
Q700871,Q134077
Q700871,Q156394
Q631103,Q156394
Q631103,Q219424
Q631103,Q1500457
Q631103,Q169082
Q631103,Q372299
Q631103,Q1292187
Q631103,Q1475136
Q631103,Q1476272
Q631103,Q726294
Q631103,Q698492
Q631103,Q71960
Q631103,Q174908
Q631103,Q483118
Q631103,Q258156
Q631103,Q1286387
Q631103,Q464252
Q631103,Q160618
Q631103,Q646426
Q631103,Q180125
Q631103,Q137754
Q631103,Q72334
Q631103,Q1516852
Q631103,Q603448
Q631103,Q908982
Q631103,Q1127184
Q631103,Q1141111
Q631103,Q1123621
Q631103,Q833299
Q631103,Q168862
Q631103,Q1140762
Q1244791,Q1756560
Q1244791,Q1336107
Q1244791,Q471720
Q1244791,Q2529557
Q1244791,Q320384
Q1244791,Q1140439
Q1244791,Q486239
Q1244791,Q170035
Q1244791,Q607122
Q1244791,Q1516852
Q1244791,Q137754
Q1244791,Q1768470
Q1244791,Q550205
Q318766,Q160560
Q318766,Q2263
Q318766,Q1624299
Q318766,Q372299
Q318766,Q834021
Q318766,Q1130395
Q318766,Q217008
Q318766,Q726294
Q318766,Q578873
Q318766,Q315732
Q318766,Q784514
Q318766,Q320384
Q318766,Q243439
Q318766,Q1125282
Q318766,Q1140605
Q318766,Q142292
Q318766,Q2819546
Q318766,Q811023
Q318766,Q741196
Q318766,Q271006
Q318766,Q1127709
Q549908,Q1350521
Q549908,Q1543028
Q549908,Q855222
Q549908,Q1768470
Q549908,Q839596
Q549908,Q478626
Q180125,Q71960
Q180125,Q1141111
Q180125,Q1257599
Q180125,Q462418
Q180125,Q641786
Q180125,Q458629
Q180125,Q584766
Q180125,Q580716
Q180125,Q908982
Q180125,Q267018
Q132266,Q836821
Q132266,Q1129069
Q132266,Q478748
Q132266,Q1180839
Q132266,Q1206261
Q132266,Q303862
Q132266,Q639481
Q132266,Q785719
Q132266,Q263455
Q132266,Q578873
Q132266,Q844506
Q1286551,Q478748
Q1286551,Q167437
Q1286551,Q1124080
Q1286551,Q653056
Q1286551,Q185079
Q1286551,Q471720
Q1286551,Q1286387
Q1286551,Q1493882
Q631515,Q832728
Q631515,Q1683918
Q631515,Q1140578
Q631515,Q895690
Q631515,Q142292
Q1257599,Q156394
Q1257599,Q1141111
Q1257599,Q646426
Q1257599,Q2309994
Q1257599,Q64151
Q1257599,Q169082
Q1257599,Q7137311
Q1257599,Q673486
Q1257599,Q1129534
Q1257599,Q607122
Q1257599,Q137754
Q1257599,Q962987
Q1257599,Q1131279
Q1257599,Q486239
Q1257599,Q322206
Q1257599,Q908982
Q137754,Q430535
Q137754,Q229603
Q137754,Q1292187
Q137754,Q164813
Q137754,Q2819546
Q137754,Q839434
Q137754,Q280918
Q137754,Q535550
Q137754,Q833566
Q137754,Q165392
Q137754,Q164103
Q137754,Q580716
Q137754,Q548906
Q137754,Q962987
Q137754,Q641786
Q137754,Q1141111
Q137754,Q841203
Q315732,Q483941
Q315732,Q166272
Q315732,Q156394
Q315732,Q478748
Q315732,Q1124875
Q315732,Q1334948
Q315732,Q334179
Q315732,Q1286387
Q315732,Q547189
Q315732,Q548906
Q315732,Q706668
Q315732,Q1493882
Q315732,Q494722
Q315732,Q310379
Q315732,Q836821
Q315732,Q156911
Q698492,Q1055299
Q698492,Q1500457
Q698492,Q219424
Q698492,Q1336107
Q698492,Q2355815
Q698492,Q1141420
Q427386,Q741196
Q427386,Q250912
Q427386,Q720357
Q427386,Q407184
Q427386,Q483941
Q427386,Q270410
Q1286387,Q642501
Q1286387,Q220299
Q1286387,Q478748
Q1286387,Q591556
Q1286387,Q161087
Q1286387,Q164417
Q1286387,Q108543
Q1286387,Q535550
Q1286387,Q781344
Q1286387,Q544620
Q1286387,Q263455
Q1286387,Q270385
Q1286387,Q332334
Q1286387,Q463768
Q1286387,Q1129069
Q429969,Q754745
Q429969,Q1055299
Q429969,Q1141457
Q429969,Q466533
Q429969,Q270599
Q429969,Q219424
Q429969,Q321561
Q429969,Q3772
Q547189,Q1129069
Q547189,Q660894
Q547189,Q59595
Q547189,Q1138936
Q547189,Q603448
Q547189,Q785719
Q547189,Q550205
Q547189,Q294641
Q547189,Q1279758
Q547189,Q851095
Q1256231,Q1055299
Q1256231,Q548906
Q1256231,Q1129381
Q1256231,Q108543
Q1256231,Q164417
Q784514,Q849475
Q784514,Q71960
Q784514,Q1140935
Q784514,Q462418
Q784514,Q575848
Q784514,Q170035
Q784514,Q898721
Q784514,Q3107519
Q784514,Q64151
Q784514,Q2309994
Q784514,Q2819546
Q3589,Q1768470
Q3589,Q222018
Q3589,Q498109
Q3589,Q472361
Q3589,Q639481
Q3589,Q844883
Q3589,Q165392
Q3589,Q646426
Q3589,Q175535
Q3589,Q142292
Q3589,Q321561
Q5890,Q271006
Q5890,Q498867
Q5890,Q842720
Q5890,Q392441
Q5890,Q839596
Q5890,Q165394
Q5890,Q478626
Q5890,Q222018
Q5890,Q217182
Q5890,Q167726
Q5890,Q166262
Q5890,Q164813
Q5890,Q161087
Q5890,Q458629
Q5890,Q718524
Q5890,Q160560
Q5890,Q163549
Q5890,Q1035093
Q5890,Q1127281
Q5890,Q1139794
Q131074,Q164963
Q131074,Q4465
Q131074,Q478626
Q131074,Q160215
Q131074,Q160560
Q131074,Q726294
Q131074,Q8289
Q131074,Q176826
Q131074,Q1546370
Q131074,Q1756560
Q131074,Q183081
Q131074,Q1125384
Q131074,Q1336107
Q131074,Q162277
Q131074,Q499633
Q785719,Q854589
Q785719,Q673486
Q785719,Q300439
Q785719,Q832728
Q785719,Q841203
Q785719,Q844068
Q785719,Q603448
Q785719,Q1084074
Q785719,Q419454
Q785719,Q1129381
Q785719,Q849656
Q785719,Q1483532
Q785719,Q483118
Q785719,Q252097
Q785719,Q646426
Q785719,Q263455
Q785719,Q533383
Q785719,Q1756560
Q785719,Q2309994
Q785719,Q463768
Q785719,Q838154
Q785719,Q163549
Q785719,Q1125451
Q785719,Q1124875
Q785719,Q165392
Q785719,Q499633
Q785719,Q1129227
Q785719,Q168862
Q785719,Q270351
Q782955,Q1617908
Q782955,Q1519049
Q782955,Q1292187
Q782955,Q1346982
Q782955,Q670439
Q782955,Q475693
Q782955,Q213411
Q782955,Q472361
Q781344,Q270410
Q781344,Q1130297
Q781344,Q858467
Q781344,Q1035093
Q781344,Q142292
Q781344,Q108543
Q781344,Q836821
Q781344,Q334179
Q781344,Q1140935
Q781344,Q726294
Q781344,Q660894
Q781344,Q430535
Q781344,Q963351
Q781344,Q765
Q781344,Q280918
Q781344,Q1516833
Q548906,Q162997
Q548906,Q1480747
Q548906,Q300439
Q548906,Q1473878
Q548906,Q836821
Q548906,Q303862
Q1292187,Q591556
Q1292187,Q71960
Q1292187,Q156394
Q1292187,Q334179
Q1292187,Q673486
Q1292187,Q854589
Q1292187,Q1543439
Q1292187,Q1862797
Q1292187,Q2900179
Q1292187,Q1336107
Q785351,Q1127184
Q785351,Q267018
Q785351,Q463832
Q785351,Q838154
Q785351,Q222018
Q785351,Q842770
Q785351,Q621529
Q707880,Q175535
Q707880,Q583869
Q707880,Q1862797
Q707880,Q1475136
Q707880,Q255328
Q707880,Q1534510
Q707880,Q499633
Q212804,Q164963
Q212804,Q168010
Q212804,Q1346982
Q212804,Q483941
Q212804,Q913440
Q212804,Q499633
Q212804,Q509256
Q212804,Q59595
Q212804,Q1193488
Q212804,Q2529557
Q59595,Q151898
Q59595,Q1129069
Q59595,Q1500457
Q59595,Q670439
Q59595,Q2355815
Q59595,Q1543028
Q59595,Q162277
Q59595,Q1084074
Q59595,Q372299
Q59595,Q304074
Q59595,Q167437
Q59595,Q1129227
Q59595,Q1141457
Q959853,Q372299
Q959853,Q1127709
Q959853,Q646426
Q959853,Q518863
Q959853,Q270385
Q959853,Q1140935
Q959853,Q1114685
Q959853,Q2171744
Q959853,Q332334
Q959853,Q183081
Q959853,Q1480747
Q959853,Q918380
Q959853,Q164804
Q959853,Q842720
Q959853,Q1141457
Q959853,Q478748
Q213411,Q1124080
Q213411,Q1089283
Q213411,Q1089281
Q213411,Q321561
Q213411,Q372299
Q213411,Q270410
Q213411,Q1130395
Q213411,Q2309994
Q213411,Q855222
Q213411,Q913440
Q213411,Q165817
Q213411,Q472361
Q213411,Q164103
Q213411,Q1084074
Q213411,Q300439
Q213411,Q580716
Q213411,Q1546370
Q213411,Q494722
Q213411,Q160215
Q71960,Q586832
Q71960,Q1130297
Q71960,Q1216898
Q71960,Q575848
Q71960,Q232219
Q71960,Q841203
Q71960,Q165817
Q71960,Q754745
Q63026,Q270385
Q63026,Q1140935
Q63026,Q726294
Q63026,Q430535
Q63026,Q642501
Q63026,Q165325
Q63026,Q270599
Q63026,Q162729
Q63026,Q580716
Q63026,Q471159
Q63026,Q64151
Q63026,Q832728
Q63026,Q280918
Q63026,Q142292
Q63026,Q898721
Q63026,Q1537562
Q63026,Q1169609
Q63026,Q1125442
Q63026,Q842073
Q64151,Q169082
Q64151,Q1129227
Q64151,Q72925
Q64151,Q1139794
Q64151,Q1125442
Q64151,Q471159
Q965859,Q1683918
Q965859,Q748614
Q965859,Q185248
Q965859,Q1427521
Q965859,Q219424
Q965859,Q720357
Q963351,Q841515
Q963351,Q499371
Q963351,Q670439
Q963351,Q841476
Q963351,Q228936
Q963351,Q270410
Q963351,Q2392216
Q963351,Q471720
Q963351,Q1346982
Q963351,Q1199323
Q963351,Q1141252
Q217008,Q159638
Q217008,Q164804
Q217008,Q229599
Q217008,Q834021
Q217008,Q483941
Q217008,Q705440
Q217008,Q1129069
Q217008,Q271006
Q217008,Q1138936
Q962987,Q1543028
Q962987,Q321561
Q962987,Q4662707
Q962987,Q851095
Q962987,Q1125282
Q962987,Q167726
Q962987,Q108006
Q962987,Q1476272
Q962987,Q161087
Q318287,Q726294
Q318287,Q392
Q318287,Q740528
Q318287,Q136209
Q318287,Q1752509
Q318287,Q482662
Q318287,Q1127184
Q318287,Q1768470
Q318287,Q263455
Q318287,Q3212960
Q318287,Q1538902
Q318287,Q179497
Q318287,Q3772
Q318287,Q670439
Q962809,Q726294
Q962809,Q372299
Q962809,Q1206261
Q962809,Q851095
Q962809,Q841515
Q962809,Q1127709
Q962809,Q300439
Q962809,Q832728
Q962809,Q673486
Q179497,Q839042
Q179497,Q471159
Q179497,Q174908
Q179497,Q483941
Q179497,Q3772
Q179497,Q309214
Q179497,Q269692
Q179497,Q392
Q179497,Q1279758
Q179497,Q482662
Q179497,Q171745
Q179497,Q741196
Q179497,Q250912
Q880774,Q880570
Q880774,Q881873
Q880774,Q883193
Q880774,Q1124
Q880774,Q72334
Q880774,Q182763
Q1138659,Q3772
Q1138659,Q221384
Q1138659,Q283481
Q1138659,Q1659542
Q1138659,Q220299
Q1138659,Q607122
Q1138659,Q482662
Q1138659,Q1141111
Q1138659,Q222018
Q880297,Q544464
Q880701,Q881154
Q880701,Q885601
Q880701,Q1124
Q880701,Q880570
Q880701,Q880280
Q880701,Q881230
Q880701,Q316133
Q880701,Q881873
Q880701,Q262440
Q880701,Q882665
Q880701,Q880111
Q880786,Q544464
Q880786,Q319099
Q880786,Q881873
Q880786,Q1291990
Q314935,Q313566
Q314935,Q811023
Q314935,Q2808
Q314935,Q463768
Q314935,Q166262
Q314935,Q580716
Q314935,Q321561
Q314935,Q705440
Q314935,Q491314
Q314935,Q310960
Q314935,Q591556
Q314935,Q2529557
Q544465,Q199884
Q544465,Q466533
Q544465,Q175535
Q544465,Q133050
Q881173,Q880976
Q881173,Q545307
Q881173,Q881069
Q881173,Q1124
Q881173,Q881873
Q881173,Q881141
Q880570,Q883193
Q880570,Q881873
Q880570,Q881215
Q880570,Q705961
Q881154,Q885559
Q881154,Q1124
Q881154,Q545307
Q881154,Q880976
Q881154,Q715836
Q881154,Q639207
Q881154,Q262440
Q881154,Q880111
Q881154,Q38599
Q881154,Q885601
Q880280,Q699900
Q880280,Q544464
Q880280,Q3837499
Q880280,Q8037902
Q880280,Q8037969
Q880085,Q881873
Q880085,Q705961
Q880085,Q699900
Q880976,Q885559
Q880976,Q4496
Q880976,Q880166
Q880976,Q705961
Q880976,Q881141
Q880976,Q880356
Q880976,Q544464
Q881318,Q885204
Q881318,Q718335
Q881318,Q885559
Q881318,Q311161
Q881318,Q783823
Q881318,Q319099
Q881318,Q2685
Q881318,Q262440
Q881215,Q544464
Q881215,Q714950
Q881215,Q885091
Q881215,Q639207
Q881215,Q262440
Q881335,Q699900
Q881335,Q884986
Q881335,Q545307
Q881335,Q881141
Q881335,Q714950
Q881335,Q882665
Q881335,Q880111
Q314691,Q314688
Q314691,Q6686
Q314142,Q171745
Q314142,Q185079
Q314142,Q419454
Q314142,Q4227
Q314142,Q328723
Q314142,Q543498
Q314142,Q313566
Q880356,Q1289841
Q880356,Q882516
Q880356,Q2685
Q880356,Q797242
Q880356,Q4227
Q718335,Q319099
Q718335,Q885204
Q718335,Q715836
Q718335,Q26259596
Q718335,Q72539
Q718335,Q160618
Q881230,Q885601
Q881230,Q1289841
Q315953,Q634551
Q315953,Q715836
Q315953,Q316133
Q315953,Q320156
Q315953,Q177182
Q315975,Q177182
Q315975,Q715836
Q315975,Q783823
Q315975,Q1124
Q315975,Q1281014
Q882516,Q882921
Q882516,Q1291990
Q1124,Q881069
Q1124,Q72334
Q1124,Q4496
Q1124,Q483118
Q1124,Q180280
Q1124,Q1316
Q1124,Q174908
Q1124,Q885091
Q1124,Q545307
Q1124,Q2808
Q1124,Q319099
Q1124,Q639207
Q1124,Q881141
Q1124,Q880111
Q1124,Q182763
Q1124,Q311161
Q316133,Q634551
Q316133,Q715836
Q884986,Q885559
Q884986,Q882921
Q884986,Q714909
Q884986,Q545307
Q881873,Q705961
Q881873,Q72334
Q881873,Q545307
Q881873,Q262440
Q881873,Q881069
Q881873,Q885601
Q314776,Q215585
Q314776,Q317891
Q314776,Q180911
Q314776,Q543664
Q314776,Q180280
Q705440,Q483118
Q705440,Q663528
Q544464,Q1316
Q544464,Q639207
Q65932,Q108543
Q65932,Q839042
Q65932,Q1293513
Q65932,Q706668
Q65932,Q136209
Q65932,Q170587
Q65932,Q603448
Q65932,Q676513
Q65932,Q842073
Q65932,Q336018
Q4573,Q670439
Q4573,Q272064
Q4573,Q1140439
Q4573,Q162729
Q4573,Q463832
Q4573,Q646426
Q4573,Q1289841
Q317891,Q760266
Q3772,Q180560
Q3772,Q309621
Q3772,Q162729
Q3772,Q1127709
Q3772,Q1129534
Q3772,Q165325
Q3772,Q498867
Q3772,Q849475
Q3772,Q180029
Q3772,Q1279758
Q3772,Q1534510
Q3772,Q483941
Q3772,Q1141252
Q3772,Q72334
Q3772,Q2529557
Q3772,Q175535
Q3772,Q483118
Q3772,Q191828
Q3772,Q160560
Q3772,Q2263
Q3772,Q543498
Q3772,Q974615
Q3772,Q309214
Q3772,Q300439
Q3772,Q313566
Q3772,Q263460
Q543664,Q783823
Q543664,Q1480
Q543498,Q483118
Q543498,Q173585
Q543498,Q419454
Q543498,Q1279758
Q543498,Q1293513
Q543498,Q974615
Q543498,Q166272
Q765,Q7371
Q765,Q132589
Q765,Q7176
Q715836,Q783823
Q715836,Q885091
Q715836,Q135547
Q715836,Q634551
Q862,Q72334
Q862,Q1125442
Q862,Q156911
Q885204,Q311161
Q885204,Q319099
Q885204,Q1291990
Q885204,Q728404
Q6538,Q703611
Q885091,Q545307
Q885091,Q882921
Q885091,Q1291990
Q543506,Q706668
Q543506,Q132589
Q543506,Q10152
Q543506,Q314176
Q392,Q173585
Q392,Q219424
Q392,Q1534510
Q8289,Q4465
Q8289,Q164963
Q8289,Q1750698
Q8289,Q176826
Q491314,Q66637
Q491314,Q313566
Q491314,Q170035
Q491314,Q419454
Q491314,Q328723
Q491314,Q1279758
Q491314,Q309214
Q491314,Q199884
Q545307,Q1140439
Q545307,Q880111
Q26219851,Q26219855
Q26219851,Q26219852
Q26219851,Q7674792
Q26219851,Q25396697
Q26219851,Q26219853
Q26219851,Q26155834
Q1043342,Q1043354
Q1043342,Q947750
Q1043342,Q1043347
Q1043342,Q3628774
Q1043342,Q15055002
Q1043342,Q1064728
Q1043342,Q1043361
Q1043342,Q1066390
Q1043342,Q932865
Q1043342,Q922361
Q1043342,Q847592
Q1043342,Q848278
Q260963,Q166272
Q260963,Q309214
Q260963,Q313566
Q260963,Q2521899
Q260963,Q2618235
Q260963,Q263663
Q260963,Q471159
Q260963,Q269692
Q260963,Q156911
Q1063589,Q1064728
Q1063589,Q853023
Q1063589,Q10522587
Q1063589,Q2445057
Q1063589,Q1004924
Q1063589,Q754412
Q1063589,Q5198382
Q1063589,Q939181
Q1063589,Q938833
Q1063589,Q727488
Q1063589,Q843287
Q1063589,Q24760634
Q1063589,Q2995946
Q1063589,Q488601
Q711370,Q487090
Q711370,Q161087
Q711370,Q1538902
Q544620,Q258156
Q544620,Q392441
Q258156,Q173585
Q258156,Q136209
Q258156,Q320211
Q258156,Q1252563
Q258156,Q328723
Q258156,Q419454
Q258156,Q1132892
Q258156,Q1862797
Q26212188,Q26212310
Q26212188,Q26212176
Q26212188,Q26212177
Q26212188,Q26212190
Q26212188,Q771886
Q26212188,Q522820
Q26212188,Q26155829
Q26212188,Q763031
Q26212188,Q1004861
Q2808,Q5608
Q2808,Q168862
Q2808,Q4465
Q2808,Q175535
Q2808,Q726294
Q317107,Q320156
Q317107,Q176826
Q317107,Q844883
Q1316,Q180911
Q1316,Q216983
Q1316,Q38599
Q1316,Q1123621
Q1316,Q848785
Q885559,Q639207
Q885559,Q714909
Q885559,Q880166
Q4465,Q160215
Q4465,Q1750698
Q4465,Q603448
Q4465,Q165817
Q4465,Q848785
Q4465,Q407237
Q4465,Q215392
Q4465,Q164963
Q4465,Q269692
Q4465,Q1293513
Q703611,Q483941
Q703611,Q2685
Q320156,Q135547
Q177182,Q1480
Q177182,Q1281014
Q177182,Q132589
Q783823,Q1480
Q1293513,Q171745
Q1293513,Q217182
Q1293513,Q269692
Q1293513,Q2073496
Q1293513,Q974615
Q1293513,Q3018583
Q5608,Q131380
Q708125,Q1289841
Q708125,Q262440
Q706668,Q483941
Q706668,Q336018
Q706668,Q159690
Q4496,Q311161
Q4496,Q714909
Q4496,Q174908
Q4496,Q182763
Q4496,Q72334
Q4496,Q1480
Q4496,Q133050
Q415598,Q965133
Q415598,Q3884
Q415598,Q784022
Q415598,Q65242200
Q415598,Q7372006
Q415598,Q15056097
Q415598,Q1131463
Q415598,Q881069
Q546880,Q26406514
Q546880,Q7500834
Q546880,Q47295100
Q546880,Q1131463
Q181069,Q270410
Q181069,Q471976
Q181069,Q498442
Q181069,Q834021
Q181069,Q167726
Q181069,Q535550
Q181069,Q241218
Q181069,Q375512
Q181069,Q160618
Q1289841,Q885601
Q314176,Q180029
Q314176,Q1129381
Q314176,Q1056853
Q314176,Q704080
Q314176,Q332334
Q314176,Q1125442
Q314176,Q1336107
Q314176,Q718524
Q4227,Q170587
Q4227,Q2073496
Q4227,Q136209
Q4227,Q2263
Q4227,Q202735
Q180560,Q483118
Q180560,Q580716
Q180560,Q165817
Q180560,Q173585
Q180560,Q1336107
Q180560,Q2263
Q180560,Q844068
Q180560,Q170587
Q180560,Q603448
Q180560,Q1139794
Q180560,Q842770
Q180560,Q3018583
Q1480,Q72334
Q1480,Q182763
Q1480,Q1281014
Q26219850,Q26219852
Q26219850,Q26219849
Q26219850,Q26219848
Q634551,Q180280
Q634551,Q26219858
Q177219,Q7371
Q179572,Q64188
Q179572,Q71016
Q179572,Q70532
Q704080,Q180029
Q704080,Q3530081
Q704080,Q760266
Q704080,Q1141457
Q180280,Q216983
Q180280,Q180911
Q180280,Q262440
Q180280,Q880111
Q180280,Q1222497
Q215392,Q715113
Q215392,Q407237
Q72539,Q885589
Q72539,Q1264404
Q72539,Q160618
Q180029,Q1056853
Q705961,Q882921
Q705961,Q882665
Q180911,Q215585
Q180911,Q314688
Q427881,Q161087
Q427881,Q1130317
Q427881,Q715113
Q715113,Q729339
Q715113,Q1604222
Q715113,Q1256188
Q705156,Q328723
Q705156,Q483118
Q215585,Q216983
Q215585,Q314688
Q788520,Q2737200
Q788520,Q1433549
Q788520,Q1656251
Q788520,Q1296280
Q788520,Q7916121
Q788520,Q780886
Q788520,Q1109255
Q788520,Q5555971
Q788520,Q6402794
Q788520,Q3427443
Q788520,Q11055371
Q1279758,Q162997
Q1279758,Q269692
Q1279758,Q151898
Q1279758,Q270410
Q1279758,Q487090
Q1279758,Q483118
Q1279758,Q1252563
Q1279758,Q320211
Q1279758,Q1385337
Q1279758,Q182763
Q1279758,Q169082
Q699900,Q639207
Q1256188,Q965133
Q1256188,Q1131463
Q1256188,Q1272525
Q1256188,Q784022
Q1240197,Q1516833
Q1240197,Q1494959
Q1240197,Q849656
Q64188,Q71013
Q64188,Q70532
Q64188,Q165394
Q64188,Q483941
Q216983,Q314688
Q66637,Q7371
Q66637,Q183081
Q1131463,Q47296499
Q1131463,Q7500814
Q1131463,Q7500747
Q1131463,Q4786050
Q1252563,Q483118
Q1252563,Q168862
Q1252563,Q328723
Q1252563,Q336018
Q639207,Q714909
Q639207,Q881069
Q263006,Q232032
Q263006,Q1471937
Q263006,Q1497594
Q263006,Q905417
Q263006,Q1656251
Q263006,Q891821
Q263006,Q6109704
Q263006,Q4943386
Q263006,Q1166556
Q263006,Q3765015
Q263006,Q1759650
Q263006,Q1060293
Q263006,Q330468
Q71016,Q71015
Q71016,Q70532
Q974615,Q487090
Q71015,Q70532
Q71015,Q71013
Q1136226,Q407184
Q72334,Q603448
Q72334,Q182763
Q72334,Q1537071
Q72334,Q170035
Q72334,Q2529557
Q72334,Q310379
Q133050,Q191828
Q133050,Q483118
Q133050,Q174908
Q133050,Q850522
Q133050,Q199884
Q133050,Q263663
Q133050,Q173585
Q1132892,Q191828
Q1132892,Q134077
Q136209,Q294641
Q136209,Q832728
Q136209,Q1141252
Q136209,Q2073496
Q136209,Q176826
Q136209,Q463832
Q136209,Q1470767
Q136209,Q336018
Q136209,Q269912
Q419454,Q166262
Q419454,Q483118
Q419454,Q222018
Q419454,Q328723
Q419454,Q164103
Q419454,Q1167579
Q419454,Q310960
Q419454,Q1125384
Q419454,Q310379
Q419454,Q241218
Q419454,Q336018
Q784022,Q965133
Q430535,Q144483
Q430535,Q162729
Q430535,Q726294
Q430535,Q483941
Q430535,Q844068
Q430535,Q646077
Q430535,Q1114685
Q430535,Q1756560
Q430535,Q901213
Q430535,Q578873
Q430535,Q304074
Q430535,Q2529557
Q430535,Q839341
Q430535,Q1140439
Q644408,Q3672792
Q644408,Q769542
Q644408,Q921409
Q644408,Q18355236
Q644408,Q3223718
Q644408,Q1005744
Q644408,Q1005042
Q644408,Q746397
Q644408,Q843851
Q644408,Q523492
Q644408,Q15056105
Q644408,Q1522716
Q1264404,Q25476545
Q1264404,Q7500748
Q132451,Q483118
Q132451,Q320211
Q256559,Q1005018
Q256559,Q1043405
Q256559,Q1005040
Q256559,Q4088891
Q256559,Q1772012
Q256559,Q3879614
Q256559,Q975449
Q1185004,Q1193982
Q1185004,Q784131
Q1185004,Q25991459
Q1185004,Q3879562
Q1185004,Q3879598
Q1185004,Q853040
Q1185004,Q369846
Q1185004,Q25932666
Q1185004,Q2051400
Q1185004,Q240257
Q1185004,Q782385
Q131380,Q199884
Q131380,Q603448
Q131380,Q157044
Q131380,Q270599
Q131380,Q72925
Q131380,Q3597945
Q131380,Q482370
Q131380,Q1169609
Q131380,Q263663
Q320211,Q217182
Q320211,Q167726
Q320211,Q166262
Q320211,Q328723
Q320211,Q1862797
Q320211,Q1385337
Q320211,Q842073
Q657467,Q288549
Q657467,Q1771958
Q657467,Q26234091
Q657467,Q2557129
Q657467,Q1222469
Q657467,Q47295256
Q657467,Q3561232
Q657467,Q1440658
Q657467,Q15055975
Q657467,Q25991463
Q3884,Q881069
Q6686,Q782385
Q6686,Q605663
Q6686,Q2263
Q1296280,Q3235309
Q1296280,Q7426859
Q1296280,Q3187923
Q1296280,Q2698933
Q1296280,Q7916121
Q1296280,Q7929598
Q1296280,Q3176321
Q1296280,Q232032
Q1296280,Q1656251
Q1296280,Q4023742
Q1296280,Q7852442
Q1296280,Q1109255
Q1296280,Q3765015
Q1296280,Q2923057
Q1296280,Q11055371
Q1296280,Q4899703
Q1296280,Q603082
Q1296280,Q905417
Q1296280,Q1427204
Q1296280,Q852075
Q132589,Q842770
Q881141,Q714950
Q72925,Q1131279
Q72925,Q151898
Q72925,Q1500457
Q72925,Q1123621
Q72925,Q913440
Q72925,Q1141111
Q72925,Q169082
Q754412,Q916174
Q754412,Q17018014
Q754412,Q2718015
Q754412,Q2070832
Q754412,Q3001459
Q754412,Q3001452
Q754412,Q1408876
Q754412,Q129295
Q15056220,Q15056225
Q15056220,Q15056224
Q15056220,Q15056223
Q15056220,Q1534918
Q15056220,Q3879587
Q15056220,Q1076288
Q15056220,Q15056222
Q24760634,Q2445057
Q24760634,Q3001455
Q24760634,Q25476845
Q24760634,Q26265815
Q24760634,Q25476835
Q24760634,Q659097
Q24760634,Q1772012
Q24760634,Q595055
Q25386275,Q25384917
Q25386275,Q25386274
Q25386275,Q25384919
Q25386275,Q22968979
Q25386275,Q1137646
Q25386275,Q25386279
Q950563,Q1094686
Q950563,Q1004892
Q950563,Q26233317
Q950563,Q25932068
Q950563,Q2269716
Q950563,Q15055087
Q950563,Q1221927
Q950563,Q1076244
Q950563,Q3879564
Q882921,Q882665
Q882921,Q880111
Q2685,Q714909
Q2685,Q222018
Q2685,Q310960
Q2685,Q849656
Q2685,Q3879580
Q2685,Q129295
Q70532,Q71013
Q1131279,Q1141457
Q1131279,Q1216898
Q1131279,Q1683918
Q1131279,Q156394
Q1131279,Q169082
Q1131279,Q1889403
Q1131279,Q1140578
Q47735,Q101730
Q47735,Q18479838
Q47735,Q8979743
Q47735,Q57083855
Q47735,Q721620
Q47735,Q795011
Q47735,Q3628754
Q47735,Q1636766
Q47735,Q38410
Q255328,Q535550
Q255328,Q1125384
Q255328,Q483118
Q255328,Q726294
Q255328,Q1056853
Q255328,Q607122
Q255328,Q2309994
Q255328,Q913440
Q255328,Q162729
Q255328,Q841476
Q255328,Q309214
Q486239,Q270410
Q486239,Q1130297
Q486239,Q854589
Q486239,Q466533
Q486239,Q165817
Q486239,Q169082
Q486239,Q334179
Q486239,Q2529557
Q486239,Q913440
Q486239,Q164417
Q486239,Q162729
Q486239,Q1157491
Q486239,Q270599
Q486239,Q1534510
Q486239,Q639481
Q486239,Q493807
Q486239,Q646269
Q486239,Q3520627
Q486239,Q1546370
Q486239,Q1140935
Q486239,Q337747
Q486239,Q1756560
Q486239,Q603448
Q486239,Q300439
Q486239,Q1193488
Q486239,Q185376
Q486239,Q322206
Q486239,Q494722
Q486239,Q300842
Q486239,Q108543
Q486239,Q1346982
Q486239,Q161087
Q486239,Q499371
Q486239,Q162225
Q486239,Q1129069
Q486239,Q164813
Q486239,Q1124875
Q486239,Q1140578
Q486239,Q162277
Q486239,Q164804
Q486239,Q1140439
Q486239,Q842720
Q486239,Q849656
Q486239,Q472165
Q486239,Q228936
Q486239,Q1129534
Q486239,Q1124080
Q486239,Q848785
Q101730,Q18479838
Q101730,Q5443138
Q101730,Q25162542
Q101730,Q577260
Q101730,Q10152
Q101730,Q988372
Q101730,Q1005575
Q101730,Q1636766
Q101730,Q23776822
Q101730,Q8979743
Q101730,Q377600
Q47296499,Q47263008
Q47296499,Q47295256
Q47296499,Q15620700
Q47296499,Q47296003
Q47296499,Q15620701
Q47296499,Q110316174
Q47296499,Q15292539
Q47296499,Q110324226
Q47296499,Q782385
Q47296499,Q605663
Q47296499,Q658077
Q47296499,Q47295100
Q47296499,Q4903025
Q47296499,Q110316264
Q47296499,Q11883936
Q47296499,Q7500747
Q47296499,Q26212310
Q47296499,Q586832
Q47296499,Q302701
Q47296499,Q4786050
Q47296499,Q2377414
Q7371,Q332334
Q7371,Q839596
Q7371,Q321561
Q7371,Q908982
Q7371,Q1125442
Q7371,Q1127281
Q26242953,Q26430868
Q26242953,Q26334713
Q26242953,Q24906828
Q26242953,Q28163
Q26242953,Q26243423
Q26235881,Q26237528
Q26235881,Q24906828
Q26235881,Q26229077
Q26235881,Q26430868
Q26235881,Q4000234
Q26237528,Q26229077
Q26237528,Q24906828
Q26237528,Q26256610
Q26237528,Q26334713
Q26237528,Q4000244
Q26237418,Q26237420
Q26237418,Q26219821
Q26237418,Q17088224
Q26237418,Q7500793
Q26237418,Q1346374
Q26237418,Q7500771
Q26237418,Q26237425
Q26243423,Q26229077
Q26243423,Q26334713
Q26243423,Q28163
Q26243423,Q2352412
Q26243423,Q26234144
Q26243423,Q26430868
Q26243423,Q28209
Q26243423,Q764131
Q26243423,Q2353351
Q26243423,Q30680433
Q176826,Q2529557
Q176826,Q162729
Q176826,Q160618
Q176826,Q270351
Q176826,Q580716
Q176826,Q639481
Q176826,Q458629
Q176826,Q221384
Q176826,Q280918
Q176826,Q300439
Q176826,Q304074
Q176826,Q321561
Q176826,Q754892
Q176826,Q1768470
Q176826,Q1124875
Q176826,Q182763
Q176826,Q842073
Q176826,Q156608
Q176826,Q844068
Q176826,Q168862
Q176826,Q269912
Q26234145,Q843436
Q26234145,Q26219842
Q26234145,Q65242164
Q26234145,Q13655354
Q26234145,Q1221867
Q26234145,Q26155834
Q26234145,Q1405425
Q26234145,Q2558493
Q26234145,Q847592
Q26234145,Q26086643
Q26234145,Q2306561
Q26234145,Q922361
Q26234145,Q1076347
Q26234145,Q853040
Q26234145,Q3628767
Q26234145,Q1084677
Q26234145,Q613746
Q26234145,Q3628763
Q26234145,Q587012
Q26234145,Q784131
Q26234145,Q1426809
Q26234145,Q26263572
Q26234145,Q26234051
Q26234145,Q942500
Q26234145,Q65242200
Q26234145,Q1066390
Q26234145,Q1439323
Q26234145,Q15056224
Q26234145,Q2362858
Q26261258,Q284423
Q26261258,Q26233790
Q26261258,Q284413
Q26261258,Q26261256
Q26262523,Q26265815
Q26262523,Q25476835
Q26262523,Q2269694
Q26262523,Q26259596
Q26262523,Q26233320
Q26259596,Q26265815
Q26259596,Q25476845
Q26259596,Q26262252
Q26259596,Q26305911
Q26259596,Q3879648
Q26261256,Q284413
Q26261256,Q284423
Q26261256,Q794388
Q26265815,Q25476835
Q26265815,Q1064571
Q26265815,Q2718019
Q26265815,Q7400298
Q26265815,Q26260960
Q26265815,Q26291516
Q26265815,Q25476845
Q26265815,Q25476761
Q26265815,Q25476545
Q26265815,Q25476541
Q26265815,Q2174649
Q26265815,Q24906792
Q26262252,Q2718015
Q26262252,Q1005363
Q26262252,Q2070832
Q26262252,Q220855
Q26262252,Q1426702
Q26262252,Q25793
Q26262252,Q1772012
Q26262252,Q918063
Q26262252,Q26221551
Q26262252,Q580474
Q26262252,Q635304
Q26262252,Q17018014
Q26262252,Q5198390
Q26262252,Q3194709
Q26273359,Q26219841
Q26273359,Q26233319
Q26273359,Q26203840
Q26273359,Q26233995
Q26273359,Q26225492
Q26273359,Q2000988
Q26273359,Q3628766
Q26273359,Q3628680
Q26273359,Q26224939
Q26273359,Q843436
Q26263572,Q2329168
Q26263572,Q26291516
Q26263572,Q7979968
Q26263572,Q7979978
Q26263572,Q15052025
Q26260960,Q26260943
Q26260960,Q2297633
Q26260960,Q1067772
Q26260960,Q1076244
Q26260960,Q1043347
Q407184,Q844883
Q407184,Q1148499
Q407184,Q108006
Q407184,Q217182
Q407184,Q726294
Q407184,Q160560
Q407184,Q471159
Q407184,Q1180839
Q407184,Q1140085
Q407184,Q478212
Q407184,Q167437
Q407184,Q855222
Q407184,Q272064
Q26234144,Q26234091
Q26234144,Q26234051
Q26234144,Q1771958
Q26234144,Q26233995
Q26234144,Q517035
Q26234144,Q2352412
Q26234144,Q28163
Q26234144,Q26234119
Q26234144,Q3223718
Q26234144,Q26225492
Q26234144,Q2070547
Q26234144,Q10152
Q26234144,Q3628778
Q26234119,Q2069991
Q26234119,Q26215594
Q26234119,Q26234051
Q26234119,Q26233297
Q26234119,Q1772012
Q26234119,Q3879589
Q26234119,Q922361
Q26234119,Q2268043
Q26234119,Q1433079
Q26291516,Q580474
Q26291516,Q577260
Q26291516,Q25927634
Q26291516,Q932865
Q26291516,Q15052025
Q26234051,Q1799251
Q26234051,Q26234091
Q26234051,Q26233297
Q26234051,Q1772012
Q26234051,Q922361
Q26234051,Q288549
Q26234051,Q25476835
Q26234051,Q25397537
Q26234051,Q65242200
Q26234051,Q1408906
Q26233995,Q26225492
Q26233995,Q733756
Q26233995,Q1771958
Q26233995,Q848278
Q26233995,Q922361
Q26233995,Q26219841
Q26233995,Q1050909
Q26233995,Q65242281
Q26233995,Q2070547
Q26233995,Q2069991
Q26233995,Q1986718
Q26233995,Q23776821
Q26233995,Q886732
Q26233995,Q3628778
Q26233995,Q3628760
Q26233995,Q1407627
Q134077,Q263663
Q134077,Q1140935
Q134077,Q199884
Q134077,Q313566
Q26430868,Q26334713
Q26430868,Q28163
Q26430868,Q28209
Q26430868,Q26214545
Q26430868,Q30680431
Q26430868,Q4000234
Q550205,Q898721
Q550205,Q1546370
Q550205,Q2819546
Q550205,Q1350521
Q550205,Q309621
Q550205,Q228936
Q550205,Q1129381
Q550205,Q673486
Q550205,Q322206
Q550205,Q1427204
Q550205,Q1216898
Q550205,Q844068
Q284413,Q284423
Q284413,Q284936
Q284413,Q794388
Q3223718,Q3672792
Q3223718,Q15055037
Q3223718,Q23949489
Q3223718,Q65242164
Q3223718,Q9663
Q26233317,Q947750
Q26233317,Q1221867
Q26233317,Q13655354
Q26233317,Q2313552
Q26233317,Q3628763
Q26233122,Q26233320
Q26233122,Q26225938
Q26233122,Q2070009
Q26233122,Q65242363
Q26233122,Q2443986
Q3082710,Q2687405
Q3082710,Q782722
Q3082710,Q2341653
Q26229077,Q24906828
Q26233320,Q956242
Q26233320,Q26221551
Q26233320,Q3998587
Q26233320,Q26401684
Q284936,Q326112
Q284936,Q26254912
Q284936,Q26219821
Q284936,Q2000999
Q284936,Q2313564
Q284936,Q65242281
Q284936,Q761318
Q26233297,Q26219862
Q26233297,Q853049
Q26233297,Q3628780
Q26233297,Q595055
Q26233297,Q25397537
Q26233103,Q1772012
Q26233103,Q766954
Q26233103,Q26203840
Q26233103,Q25397537
Q26233103,Q591384
Q26233103,Q26219841
Q26233103,Q1636766
Q26233103,Q2313511
Q26233103,Q677027
Q26233103,Q220855
Q26233103,Q7656701
Q26233103,Q26219861
Q26233103,Q1772017
Q26233103,Q15055978
Q26233103,Q25991456
Q26233103,Q1426702
Q326112,Q26265678
Q326112,Q1754221
Q26233319,Q1799157
Q26233319,Q26219842
Q26233319,Q26219841
Q26233319,Q917328
Q26233319,Q62020035
Q26233319,Q62020029
Q26233319,Q25991449
Q26233319,Q26219861
Q26233319,Q26219839
Q639481,Q372299
Q639481,Q108006
Q639481,Q580716
Q639481,Q217182
Q639481,Q458629
Q639481,Q836821
Q639481,Q164417
Q639481,Q294641
Q639481,Q844068
Q639481,Q168862
Q639481,Q270215
Q1064016,Q938130
Q1064016,Q627905
Q1064016,Q1076967
Q1055931,Q26212202
Q1055931,Q917323
Q1055931,Q2000979
Q1055931,Q2000999
Q1055931,Q220855
Q1055931,Q2198226
Q26219862,Q25991466
Q26219862,Q3628679
Q26219862,Q1799157
Q26219862,Q939181
Q26219862,Q22964430
Q26219862,Q3628766
Q26219862,Q1222526
Q26225492,Q917333
Q26225492,Q645932
Q26225492,Q1771958
Q26225492,Q2558493
Q26225492,Q922361
Q26225492,Q263926
Q26225492,Q26212202
Q26225492,Q2070547
Q26225492,Q1042441
Q26225492,Q13655354
Q1064728,Q609985
Q1064728,Q947691
Q1064728,Q2065523
Q1064728,Q2310230
Q1064728,Q947678
Q1064728,Q843287
Q1064728,Q3879650
Q1064728,Q1094667
Q1064728,Q7656727
Q1493882,Q7929598
Q1493882,Q1109255
Q1493882,Q1125451
Q1493882,Q232032
Q1493882,Q1759650
Q1493882,Q578873
Q26212225,Q591384
Q26212225,Q26219858
Q26212225,Q25397537
Q26212225,Q677027
Q26212225,Q25863624
Q26212225,Q766954
Q26212225,Q21858018
Q26212225,Q746397
Q26212225,Q917328
Q26224939,Q1798873
Q26224939,Q847592
Q26224939,Q26208457
Q26224939,Q1439757
Q26224939,Q2311876
Q26224939,Q1406131
Q26224939,Q26233798
Q26224939,Q1432033
Q26219861,Q2071171
Q26219861,Q26223026
Q26219861,Q1753402
Q26219861,Q21858018
Q26219861,Q26219841
Q26219861,Q544177
Q26219861,Q26208447
Q26219861,Q1075752
Q369846,Q526698
Q369846,Q1193982
Q369846,Q25863624
Q369846,Q3879574
Q369846,Q1005040
Q369846,Q3879585
Q369846,Q267771
Q369846,Q26086643
Q369846,Q1043361
Q369846,Q1184283
Q369846,Q25991449
Q369846,Q25991447
Q369846,Q936086
Q369846,Q10495989
Q217182,Q1074032
Q217182,Q673486
Q217182,Q1129381
Q217182,Q166272
Q217182,Q458629
Q217182,Q1123479
Q217182,Q603448
Q217182,Q463768
Q217182,Q858467
Q217182,Q249288
Q26225938,Q2070009
Q26225938,Q26219856
Q26225938,Q21858018
Q26225938,Q26223026
Q26225938,Q683164
Q26225938,Q1050909
Q26225938,Q735286
Q326384,Q326382
Q326384,Q31850
Q326384,Q31844
Q326384,Q348720
Q326384,Q348714
Q326384,Q332673
Q326384,Q2000524
Q26212202,Q917323
Q26212202,Q2201769
Q26212202,Q25397537
Q26212202,Q936086
Q26212202,Q916976
Q26212202,Q3879563
Q26212202,Q65242174
Q26212202,Q1423968
Q1005787,Q1005663
Q1005787,Q1005554
Q1005787,Q1005551
Q3672792,Q15292539
Q3672792,Q18355236
Q3672792,Q605663
Q3672792,Q765044
Q3672792,Q2268043
Q3672792,Q9663
Q3672792,Q10152
Q26223026,Q2071171
Q26223026,Q1753402
Q26223026,Q21858018
Q26223026,Q2070009
Q26223026,Q1439291
Q26223026,Q7656695
Q26223026,Q2303535
Q26223026,Q3628683
Q26219858,Q26219856
Q26219858,Q1636766
Q26219858,Q2000949
Q26219858,Q591384
Q26219858,Q257545
Q26219858,Q62020022
Q26219858,Q26218947
Q26219858,Q1426854
Q26219858,Q2313564
Q26219858,Q26208447
Q26219858,Q1986718
Q26219858,Q1004863
Q26219858,Q677027
Q26219858,Q26233795
Q26221551,Q26401684
Q26221551,Q1005771
Q26221551,Q2174649
Q26219856,Q25397537
Q26219856,Q853003
Q26219856,Q1649415
Q26219856,Q754844
Q26219856,Q26219841
Q26219856,Q7656701
Q26219856,Q3879668
Q26219856,Q2313564
Q26219856,Q4443767
Q26219856,Q220855
Q26219856,Q65243912
Q26219856,Q734020
Q26219856,Q26155833
Q26219856,Q1005744
Q26219856,Q1005804
Q26219856,Q377600
Q26219856,Q7500791
Q1050909,Q2070009
Q1050909,Q956242
Q1050909,Q2718015
Q1050909,Q1771958
Q1050909,Q7500796
Q1064358,Q937526
Q1064358,Q937510
Q1064358,Q28166
Q1064358,Q28209
Q1064845,Q2026292
Q1064845,Q531436
Q1064845,Q3879569
Q1064845,Q15055028
Q1064845,Q653672
Q1064845,Q739527
Q1064845,Q2268451
Q1064845,Q2174649
Q1140736,Q1337276
Q1140736,Q1076273
Q1140736,Q25301472
Q1140736,Q1345726
Q1140736,Q25301483
Q62020022,Q62020023
Q62020022,Q62020029
Q62020022,Q62020025
Q62020022,Q7372006
Q62020022,Q17515791
Q62020022,Q22964444
Q62020022,Q685266
Q62020022,Q22968982
Q62020022,Q1005337
Q62020022,Q2460802
Q62020022,Q62020026
Q62020022,Q2732034
Q62020022,Q1005065
Q62020022,Q2558983
Q62020022,Q3879618
Q62020022,Q62020033
Q62020022,Q62020028
Q62020022,Q18391270
Q62020022,Q7371994
Q62020022,Q527985
Q62020022,Q3628764
Q62020022,Q596754
Q65235520,Q65235505
Q65235520,Q65235526
Q65235520,Q65235488
Q65235520,Q65235512
Q65235520,Q65235495
Q65235520,Q65235532
Q26219821,Q26237420
Q26219821,Q26235041
Q26219821,Q26220718
Q26219821,Q7500840
Q26219821,Q1137721
Q26219821,Q7500838
Q26219821,Q2353533
Q26219821,Q25396733
Q26219821,Q26218171
Q26219821,Q65242200
Q26219821,Q1346374
Q26219841,Q26219842
Q26219841,Q1772017
Q26219841,Q853040
Q26219841,Q1798882
Q26219841,Q263926
Q26219841,Q922361
Q26219841,Q1067772
Q26219841,Q3628767
Q26219841,Q2313511
Q26219841,Q15055002
Q26219841,Q26219839
Q26219841,Q1827915
Q26219841,Q1798867
Q26219841,Q1754221
Q26219841,Q2718015
Q26219841,Q47309836
Q26219841,Q939181
Q110316274,Q47296003
Q110316274,Q110316264
Q110316274,Q110316174
Q110316274,Q658077
Q110316274,Q15620726
Q110316274,Q47263008
Q110316274,Q110324226
Q110316274,Q916735
Q110316274,Q15620701
Q110316274,Q637365
Q110316274,Q302701
Q110316274,Q7500812
Q110316274,Q886359
Q110316274,Q2311149
Q110316274,Q5481589
Q65243912,Q65243916
Q65243912,Q65243918
Q65243912,Q65235488
Q65243912,Q1432476
Q65243912,Q1005744
Q65235537,Q65235550
Q65235537,Q65235557
Q65235537,Q65235542
Q1076273,Q574129
Q1076273,Q782396
Q1076273,Q737066
Q1076273,Q25301472
Q2070009,Q956242
Q2070009,Q2443986
Q2070009,Q1798983
Q2070009,Q1005036
Q2070009,Q900405
Q2070009,Q917328
Q2070009,Q7656692
Q2070009,Q886359
Q2070009,Q1005211
Q2070009,Q2558983
Q65235488,Q65235526
Q65235488,Q65235505
Q65235488,Q65235512
Q65235488,Q65235532
Q1188476,Q1005683
Q1188476,Q1068773
Q1188476,Q1222420
Q1188476,Q370500
Q65235512,Q65235526
Q47295256,Q47309929
Q47295256,Q47310015
Q47295256,Q916735
Q47295256,Q110324226
Q47295256,Q47296003
Q47295256,Q47295100
Q47295256,Q302701
Q47295256,Q2558493
Q47295256,Q429621
Q47295256,Q905715
Q47295256,Q288549
Q47295256,Q26237420
Q47295256,Q2268043
Q47295256,Q17063534
Q47295256,Q47263008
Q47295256,Q843436
Q47295256,Q26220718
Q47295256,Q26218171
Q47295256,Q584030
Q47295256,Q7500819
Q47295256,Q1222238
Q47295256,Q1042644
Q65235562,Q65235568
Q65235562,Q65235550
Q65235562,Q65235557
Q65235562,Q65235574
Q65235562,Q65235542
Q65235562,Q65235579
Q2000949,Q26208442
Q2000949,Q2000979
Q2000949,Q591384
Q2000949,Q257545
Q2000949,Q903439
Q2000949,Q26208447
Q2000949,Q1798873
Q2000949,Q2724464
Q2000949,Q3628702
Q2000949,Q1423968
Q2000949,Q2443986
Q2000999,Q1772012
Q2000999,Q26203840
Q2000999,Q3628792
Q2000999,Q25397537
Q2000999,Q684586
Q2000999,Q26860
Q2000999,Q3628764
Q2000999,Q26208447
Q2000999,Q593761
Q2000999,Q15056096
Q2000999,Q853003
Q2000999,Q3628682
Q2000999,Q3628786
Q2000999,Q2303728
Q2000999,Q7500786
Q2000999,Q595055
Q2000999,Q3628777
Q2000999,Q988367
Q2000999,Q1408852
Q2000999,Q2308435
Q2000999,Q3628778
Q65235574,Q65235568
Q65235574,Q65235557
Q2000988,Q947691
Q2000988,Q1798983
Q2000988,Q2069991
Q2000988,Q956242
Q1094662,Q590226
Q1094662,Q247273
Q1094662,Q1193975
Q1094662,Q1193963
Q110316264,Q110316174
Q110316264,Q110324226
Q110316264,Q658077
Q110316264,Q15620726
Q110316264,Q15292539
Q110316264,Q47263008
Q110316264,Q4903025
Q110316264,Q1360866
Q110316264,Q15620700
Q110316264,Q886359
Q627905,Q938130
Q627905,Q779173
Q627905,Q1076798
Q627905,Q603519
Q65243916,Q65243918
Q65243916,Q110324226
Q65243916,Q263926
Q65243916,Q26219839
Q65243916,Q15055079
Q590226,Q247273
Q590226,Q1193975
Q1193963,Q1193975
Q1193963,Q247273
Q26219839,Q1798867
Q26219839,Q257545
Q26219839,Q1798905
Q26219839,Q26860
Q26219839,Q26219842
Q26219839,Q3628767
Q26219839,Q942846
Q26219839,Q1110152
Q65235568,Q65235550
Q65235568,Q65235557
Q2000979,Q26215191
Q2000979,Q656634
Q2000979,Q3628786
Q2000979,Q2000968
Q2000979,Q14643126
Q2000979,Q26406514
Q65242281,Q886372
Q65242281,Q26254912
Q65242281,Q26233791
Q65242281,Q886732
Q65242281,Q963481
Q65242281,Q26245392
Q65242281,Q10572421
Q110264101,Q110264143
Q110264101,Q110264107
Q110264101,Q4088891
Q110264101,Q15056068
Q110264101,Q1004936
Q110264101,Q825731
Q110264101,Q988367
Q110264101,Q988370
Q110264101,Q832282
Q110264101,Q910720
Q110264101,Q15056222
Q110264101,Q15055980
Q110264101,Q15055035
Q110264101,Q31843476
Q62020023,Q62020025
Q62020023,Q62020028
Q62020023,Q62020026
Q62020023,Q62020029
Q62020023,Q62020027
Q62020023,Q62020030
Q62020023,Q938833
Q62020023,Q22968985
Q645932,Q917333
Q645932,Q733756
Q645932,Q684586
Q645932,Q38412
Q645932,Q220855
Q645932,Q1827915
Q645932,Q1422103
Q645932,Q3628774
Q370500,Q1222270
Q370500,Q1068773
Q370500,Q7372003
Q370500,Q531844
Q1065654,Q918063
Q1065654,Q977229
Q1065654,Q4471528
Q1065654,Q15055011
Q1065654,Q24761058
Q1065654,Q15055085
Q1065654,Q22964432
Q1065654,Q2133123
Q1065654,Q22964420
Q1065654,Q2329168
Q110264143,Q110264107
Q110264143,Q4088890
Q110264143,Q3879587
Q110264143,Q1004936
Q110264143,Q429621
Q110264143,Q905715
Q110264143,Q3879618
Q110264143,Q110264144
Q110264143,Q13655354
Q110264143,Q823754
Q26214545,Q26215594
Q26214545,Q765839
Q26214545,Q1005486
Q26214545,Q3628778
Q26214545,Q517035
Q26214545,Q26086643
Q26214545,Q645460
Q26214545,Q28209
Q26214545,Q26208442
Q26214545,Q1986718
Q2070547,Q904345
Q2070547,Q1771958
Q2070547,Q2312004
Q2070547,Q1432202
Q2070547,Q2306561
Q2070547,Q10152
Q2070547,Q886359
Q2071171,Q1753402
Q2071171,Q1439291
Q2071171,Q591384
Q2071171,Q3628770
Q62020027,Q62020035
Q62020027,Q62020024
Q62020027,Q22968986
Q62020027,Q62020025
Q62020027,Q62020026
Q26208357,Q25396694
Q26208357,Q25396702
Q26208357,Q4786042
Q26208357,Q4786058
Q62020029,Q62020030
Q62020029,Q62020025
Q62020029,Q62020026
Q62020029,Q1222270
Q62020029,Q1005337
Q62020029,Q62020035
Q62020029,Q26219824
Q62020029,Q25991449
Q62020029,Q22964445
Q62020029,Q22964440
Q1144277,Q57083855
Q1144277,Q1377439
Q1144277,Q1337276
Q1144277,Q143007
Q1193975,Q247273
Q531436,Q25932075
Q531436,Q25932068
Q531436,Q1194001
Q531436,Q7656727
Q531436,Q7656707
Q531436,Q2026292
Q531436,Q2071266
Q531436,Q1222646
Q47155555,Q47155541
Q47155555,Q47155505
Q47155555,Q47155408
Q47155555,Q107802331
Q26086643,Q582514
Q26086643,Q65242200
Q26086643,Q2313564
Q26086643,Q684586
Q26086643,Q766954
Q26086643,Q3879648
Q26086643,Q727687
Q26086643,Q2312004
Q26086643,Q26208442
Q26086643,Q15055084
Q26086643,Q25397537
Q26086643,Q26860
Q26086643,Q3628702
Q26086643,Q734020
Q26086643,Q3628761
Q26086643,Q1005606
Q26086643,Q4354615
Q26086643,Q3628778
Q26086643,Q735286
Q26086643,Q1064410
Q26086643,Q1184283
Q26086643,Q19819174
Q26086643,Q26215191
Q26086643,Q4786038
Q26086643,Q946243
Q26086643,Q922248
Q26086643,Q5448039
Q26086643,Q2558525
Q26086643,Q4088891
Q26086643,Q7500776
Q62020033,Q62020031
Q62020033,Q62020030
Q62020033,Q62020036
Q62020033,Q18391270
Q62020033,Q7372006
Q62020033,Q22968973
Q62020033,Q62020034
Q1076798,Q938130
Q1076798,Q603519
Q47296003,Q15620701
Q47296003,Q47295100
Q47296003,Q916735
Q47296003,Q110316174
Q47296003,Q15055031
Q47296003,Q763031
Q47296003,Q3879655
Q47296003,Q586832
Q47296003,Q1636766
Q47296003,Q26233783
Q47296003,Q681571
Q47296003,Q7656722
Q65242368,Q65242359
Q65242368,Q65242363
Q65242368,Q107802331
Q591384,Q917328
Q591384,Q2312939
Q591384,Q677027
Q591384,Q3628683
Q591384,Q1439291
Q591384,Q7656695
Q591384,Q2558983
Q591384,Q544177
Q591384,Q1067796
Q591384,Q25991454
Q591384,Q25991451
Q591384,Q25991448
Q591384,Q7656689
Q591384,Q1432476
Q591384,Q7656694
Q591384,Q249265
Q591384,Q905503
Q591384,Q15055075
Q591384,Q3628761
Q591384,Q3879600
Q591384,Q1005746
Q591384,Q3879593
Q591384,Q10497007
Q591384,Q3879629
Q591384,Q3879656
Q62020025,Q62020031
Q62020025,Q62020026
Q62020025,Q685266
Q62020025,Q62020036
Q62020025,Q22968982
Q62020025,Q2460802
Q62020025,Q22964455
Q1076967,Q938130
Q1076967,Q779173
Q47263008,Q47309929
Q47263008,Q916735
Q47263008,Q47295100
Q47263008,Q15620700
Q47263008,Q110324226
Q47263008,Q658077
Q47263008,Q302701
Q47263008,Q15292539
Q47263008,Q110316174
Q2000968,Q26208457
Q2000968,Q1798873
Q2000968,Q903439
Q2000968,Q3628783
Q2000968,Q2198226
Q2000968,Q841942
Q2000968,Q1438466
Q1067177,Q732985
Q1067177,Q548072
Q1067177,Q938164
Q1067177,Q1076347
Q1067177,Q3628791
Q1067177,Q3879602
Q1067177,Q15056101
Q1067177,Q905561
Q1067177,Q15055072
Q1067177,Q18713
Q1067177,Q905503
Q62020035,Q62020024
Q62020035,Q62020034
Q62020035,Q628945
Q62020035,Q2718019
Q26208442,Q1432187
Q26208442,Q26208457
Q26208442,Q765839
Q26208442,Q26215594
Q26208442,Q2312004
Q26208442,Q2306561
Q62020026,Q62020036
Q47455933,Q47309816
Q47455933,Q47309900
Q47455933,Q47309990
Q47455933,Q970610
Q47455933,Q1422131
Q47455933,Q47295100
Q47455933,Q9663
Q2069991,Q1771958
Q2069991,Q2000939
Q2069991,Q3628760
Q2069991,Q3628763
Q2069991,Q922361
Q2069991,Q3628767
Q2069991,Q956242
Q2069991,Q1986718
Q2069991,Q288549
Q2069991,Q1439323
Q2069991,Q26155834
Q2069991,Q20670790
Q2069991,Q2318914
Q110316174,Q110324226
Q110316174,Q15292539
Q110316174,Q769542
Q110316174,Q658077
Q110316174,Q15620726
Q110316174,Q25476545
Q110316174,Q47295100
Q110316174,Q15620701
Q110316174,Q15620700
Q110316174,Q765044
Q110316174,Q605663
Q110316174,Q2311149
Q62020030,Q62020031
Q62020030,Q62020024
Q62020030,Q7372011
Q65235495,Q65235505
Q65235495,Q65235526
Q47310015,Q47309929
Q47310015,Q47309958
Q47310015,Q47309836
Q47310015,Q47309900
Q47310015,Q47309816
Q586832,Q15620701
Q586832,Q658077
Q586832,Q782385
Q586832,Q916735
Q586832,Q5448039
Q586832,Q1221939
Q586832,Q15620700
Q586832,Q769542
Q586832,Q25476545
Q586832,Q1005379
Q586832,Q7500748
Q62020031,Q685266
Q62020031,Q62020024
Q62020031,Q62020036
Q110324226,Q15620700
Q110324226,Q905607
Q110324226,Q302701
Q110324226,Q65243918
Q110324226,Q18479838
Q110324226,Q15620726
Q110324226,Q15292539
Q110324226,Q2001050
Q110324226,Q47295100
Q110324226,Q25396697
Q110324226,Q782385
Q110324226,Q765044
Q110324226,Q824928
Q25991470,Q23776821
Q25991470,Q24761058
Q25991470,Q26219842
Q25991470,Q14643120
Q25991470,Q847288
Q25991470,Q1221935
Q25991470,Q25991460
Q25991470,Q23776822
Q25991470,Q10719576
Q25991470,Q1005157
Q25991470,Q376518
Q2000939,Q1771958
Q2000939,Q1986718
Q2000939,Q1432289
Q2000939,Q3879588
Q2000939,Q922361
Q2000939,Q25932666
Q2000939,Q843436
Q2000939,Q1799251
Q2000939,Q26234091
Q2000939,Q288549
Q2000939,Q429621
Q2000939,Q916976
Q603519,Q938130
Q26219842,Q1798867
Q26219842,Q1772017
Q26219842,Q2313481
Q26219842,Q3628684
Q26219842,Q3879615
Q26219842,Q3628767
Q26219842,Q1084677
Q26219842,Q843436
Q26219842,Q1799157
Q26219842,Q1043361
Q26219842,Q1064381
Q26219842,Q1439338
Q26219842,Q47309836
Q26219842,Q25927634
Q26219842,Q3628765
Q26219842,Q1408897
Q65235505,Q65235532
Q65235505,Q65235526
Q2036655,Q2269155
Q2036655,Q2070832
Q2036655,Q2269694
Q2036655,Q3879620
Q2036655,Q65242200
Q2036655,Q1856784
Q2036655,Q1005298
Q2036655,Q3628781
Q2036655,Q1005284
Q110264144,Q110264107
Q110264144,Q15055975
Q110264144,Q107861710
Q110264144,Q65242164
Q26215594,Q841530
Q26215594,Q3628778
Q26215594,Q3628695
Q26215594,Q3628777
Q26215594,Q899312
Q26215594,Q677027
Q26215594,Q1005606
Q26215594,Q765839
Q26215594,Q670039
Q26215594,Q848291
Q62020028,Q62020034
Q62020028,Q7372009
Q62020028,Q7372001
Q536380,Q1005506
Q536380,Q427022
Q536380,Q767351
Q536380,Q1222549
Q536380,Q1005683
Q536380,Q7372001
Q536380,Q2731998
Q585714,Q1005663
Q585714,Q1005551
Q585714,Q960100
Q26037158,Q901122
Q26037158,Q65242331
Q26037158,Q65242345
Q26037158,Q942244
Q26037158,Q2313511
Q26037158,Q65242336
Q47155815,Q47155408
Q47155815,Q47155541
Q47155815,Q47155425
Q26208457,Q3628783
Q26208457,Q903439
Q26208457,Q3628785
Q26208457,Q605663
Q26208457,Q765044
Q26208457,Q782385
Q26208457,Q26233789
Q26208457,Q25162542
Q25991460,Q25863624
Q25991460,Q23776822
Q25991460,Q1005211
Q25991460,Q1004936
Q25991460,Q988370
Q65235542,Q65235550
Q65235542,Q65235557
Q65235542,Q65235579
Q65243918,Q3879622
Q65243918,Q15056104
Q65243918,Q15056279
Q26203840,Q1772012
Q26203840,Q2303535
Q26203840,Q25397537
Q26203840,Q65242164
Q26203840,Q853003
Q26203840,Q684586
Q26203840,Q1408897
Q26203840,Q3628792
Q26203840,Q766954
Q26203840,Q3498926
Q26203840,Q8037969
Q26203840,Q8037902
Q26208447,Q3628775
Q26208447,Q848291
Q26208447,Q593761
Q26208447,Q677027
Q26208447,Q595055
Q26208447,Q1005040
Q26208447,Q645460
Q26208447,Q31843484
Q26208447,Q65242200
Q26208447,Q2198226
Q26208447,Q251465
Q26208447,Q3628703
Q26208447,Q1004964
Q26208447,Q3628695
Q25991453,Q1005036
Q25991453,Q25991454
Q25991453,Q25991452
Q25991453,Q3879604
Q25991453,Q38594
Q25991453,Q916930
Q25991453,Q579227
Q62020036,Q22968973
Q62020036,Q7372011
Q2001050,Q916930
Q2001050,Q249265
Q2001050,Q25991449
Q2001050,Q25927635
Q2001050,Q658077
Q2001050,Q916735
Q2001050,Q579227
Q2001050,Q25927634
Q2001050,Q2174649
Q2001050,Q932865
Q2001050,Q1426809
Q62020024,Q609385
Q62020024,Q22964449
Q62020024,Q22968973
Q62020024,Q22968977
Q62020024,Q2732321
Q57083855,Q25301787
Q57083855,Q1337276
Q57083855,Q757054
Q57083855,Q18355214
Q57083855,Q899312
Q57083855,Q25301472
Q47295100,Q15292539
Q47295100,Q765044
Q47295100,Q916735
Q47295100,Q605663
Q47295100,Q3628705
Q47295100,Q15056096
Q47295100,Q26233789
Q47295100,Q2377414
Q47295100,Q26237421
Q47295100,Q15056225
Q47295100,Q2353533
Q47295100,Q320384
Q47295100,Q26406514
Q47295100,Q26233786
Q47295100,Q47309900
Q47295100,Q25927635
Q1068773,Q1222420
Q1068773,Q945090
Q1068773,Q1005508
Q1068773,Q1222270
Q110264107,Q905715
Q110264107,Q3879650
Q110264107,Q1067772
Q110264107,Q15055975
Q110264107,Q19819174
Q110264107,Q65242359
Q110264107,Q15055074
Q21858018,Q1798983
Q21858018,Q693595
Q21858018,Q3628780
Q21858018,Q2552272
Q22968982,Q2460802
Q22968982,Q22968980
Q22968982,Q1005337
Q22968982,Q7372006
Q22968982,Q685266
Q22968982,Q22964444
Q22968982,Q17515791
Q22968982,Q22964429
Q22968982,Q7371994
Q47155505,Q47155541
Q47155505,Q47155425
Q47155505,Q47155365
Q47155505,Q47155467
Q1772012,Q2303535
Q1772012,Q2558983
Q1772012,Q1423968
Q1772012,Q1636766
Q1772012,Q595055
Q1772012,Q766954
Q1772012,Q1649415
Q1772012,Q3879587
Q1772012,Q3879611
Q1772012,Q1004892
Q1772012,Q2936542
Q1772012,Q65235579
Q1772012,Q5448039
Q1772012,Q2313564
Q1772012,Q3879616
Q1772012,Q3879595
Q1772012,Q25793
Q1798905,Q916930
Q1798905,Q25991455
Q1798905,Q3561232
Q1798905,Q10426128
Q1798905,Q10495988
Q942500,Q1005486
Q942500,Q905607
Q942500,Q848655
Q942500,Q848641
Q942500,Q1222092
Q942500,Q280553
Q942500,Q1439338
Q942500,Q3628766
Q942500,Q939181
Q938805,Q938833
Q938805,Q2310230
Q938805,Q15055031
Q28209,Q28163
Q28209,Q764131
Q28209,Q30680431
Q28209,Q31843476
Q25476845,Q25476835
Q25476845,Q4443767
Q25476845,Q3879648
Q25476845,Q1130659
Q25476835,Q1222721
Q25476835,Q2312004
Q25476835,Q24761058
Q25476835,Q24906792
Q24995398,Q24825467
Q24995398,Q26256651
Q24995398,Q18479838
Q24995398,Q25927634
Q24995398,Q26860
Q24995398,Q1005749
Q24995398,Q25162542
Q24995398,Q4471528
Q24995398,Q977229
Q1798873,Q847592
Q1798873,Q2557677
Q1798873,Q1110152
Q1798873,Q1076347
Q666951,Q670039
Q666951,Q848681
Q666951,Q832282
Q666951,Q15054997
Q666951,Q917752
Q666951,Q613571
Q666951,Q610603
Q666951,Q910720
Q666951,Q905659
Q25301754,Q1464256
Q25301754,Q25301916
Q25301754,Q25301787
Q25301754,Q25301472
Q25301754,Q25301483
Q1649415,Q853003
Q1649415,Q734020
Q1649415,Q684586
Q1649415,Q2463752
Q1649415,Q3628761
Q1649415,Q1074357
Q1649415,Q1636766
Q1649415,Q2174649
Q1649415,Q918076
Q1649415,Q3628764
Q1827915,Q1772017
Q1827915,Q1193966
Q1827915,Q1799157
Q1827915,Q1799251
Q1827915,Q1422103
Q21858030,Q947691
Q21858030,Q825048
Q21858030,Q1067772
Q21858030,Q3879564
Q25301787,Q25301916
Q25301787,Q1337276
Q25301787,Q25301472
Q25301787,Q977229
Q739527,Q947691
Q739527,Q1089565
Q739527,Q1408906
Q739527,Q1076376
Q739527,Q2071266
Q739527,Q1004931
Q739527,Q3628779
Q47091419,Q47155365
Q47091419,Q47155467
Q47091419,Q47105341
Q47091419,Q14643199
Q47091419,Q653672
Q47091419,Q1221867
Q47091419,Q3879643
Q47091419,Q15055031
Q47091419,Q595962
Q47091419,Q107861723
Q47091419,Q2574045
Q15055975,Q15055978
Q15055975,Q15055980
Q15055975,Q429621
Q15055975,Q603505
Q15055975,Q2618235
Q775427,Q23949489
Q775427,Q23949488
Q775427,Q721620
Q775427,Q1426809
Q775427,Q7500772
Q938130,Q779173
Q25396697,Q25396702
Q25396697,Q1360866
Q25396697,Q956242
Q25396697,Q25396694
Q25396697,Q4786044
Q25396697,Q2328217
Q25396697,Q374871
Q25396697,Q1408709
Q25396697,Q1222092
Q25396697,Q1067970
Q25396697,Q3628705
Q25396697,Q7500748
Q25396697,Q25476545
Q25396697,Q26155834
Q47155365,Q47155371
Q47155365,Q107861714
Q47155365,Q107861710
Q47155365,Q47155425
Q47155365,Q1221867
Q47155365,Q1222176
Q47155365,Q1222186
Q47155365,Q47155467
Q47155365,Q843860
Q47155365,Q848689
Q47155365,Q1221932
Q1798983,Q693595
Q1798983,Q1005211
Q1798983,Q65242363
Q25397537,Q754844
Q25397537,Q853003
Q25397537,Q249265
Q25397537,Q2312939
Q25397537,Q3628761
Q25397537,Q1005606
Q25397537,Q734020
Q25397537,Q841530
Q25397537,Q65242200
Q25397537,Q198766
Q25397537,Q220855
Q25397537,Q65242174
Q25397537,Q26215191
Q25397537,Q938164
Q25397537,Q7656684
Q25397537,Q677027
Q25397537,Q7500771
Q25397537,Q10719573
Q693595,Q830711
Q693595,Q899312
Q693595,Q2552272
Q693595,Q247070
Q693595,Q15056067
Q693595,Q544177
Q693595,Q947691
Q843287,Q2269155
Q843287,Q1203058
Q843287,Q1184283
Q843287,Q3879662
Q843287,Q956242
Q960100,Q1005663
Q960100,Q1005554
Q960100,Q932145
Q24825467,Q26217722
Q24825467,Q4471528
Q24825467,Q38594
Q24825467,Q25927634
Q24825467,Q918063
Q24825467,Q1005749
Q24825467,Q25939
Q2437166,Q25476541
Q2437166,Q25476545
Q2437166,Q15056225
Q2437166,Q3879570
Q2437166,Q26237420
Q1753402,Q544177
Q1753402,Q15055001
Q1753402,Q3879563
Q1753402,Q853072
Q956242,Q15052022
Q1345726,Q1464256
Q1345726,Q1414502
Q1345726,Q25301483
Q22968981,Q22968986
Q22968981,Q22968985
Q22968981,Q22968977
Q22968981,Q2732034
Q22968981,Q22968973
Q22968981,Q945090
Q1222270,Q1222420
Q1222270,Q945090
Q1222270,Q22968973
Q1222270,Q7372002
Q1222270,Q1005337
Q932145,Q1005551
Q932145,Q1005554
Q22968972,Q22968974
Q22968972,Q22968980
Q22968972,Q22968983
Q22968972,Q7372011
Q22968972,Q22964449
Q22968972,Q22968973
Q22968972,Q22964447
Q22968972,Q22968976
Q22968972,Q22964423
Q22968972,Q609385
Q1005337,Q945090
Q1005337,Q1005508
Q1005337,Q1222420
Q1005337,Q2460802
Q1005337,Q2322860
Q1005337,Q17515791
Q1005337,Q7372006
Q1005337,Q22964437
Q1005337,Q22964430
Q1005337,Q22964422
Q1005337,Q26219824
Q1005337,Q22964429
Q1005337,Q22964445
Q1005337,Q22964444
Q1005337,Q22964440
Q1005337,Q3628765
Q1005506,Q427022
Q1005506,Q767351
Q1005506,Q1005683
Q1005506,Q634029
Q782396,Q574129
Q782396,Q737066
Q782396,Q975449
Q25476761,Q2362858
Q25476761,Q26254891
Q25476761,Q1064381
Q1337276,Q1464256
Q1337276,Q1414502
Q1337276,Q143007
Q25301916,Q143007
Q25301916,Q1464256
Q25301916,Q4903025
Q25301916,Q977229
Q25301916,Q25301483
Q47105341,Q47155371
Q47105341,Q47155408
Q47105341,Q47155541
Q47105341,Q107802335
Q47105341,Q14643126
Q47105341,Q1005041
Q47105341,Q225969
Q47105341,Q14643120
Q47105341,Q107861717
Q47105341,Q613571
Q47105341,Q610603
Q47105341,Q782429
Q47105341,Q906128
Q47105341,Q1221922
Q938833,Q2212666
Q938833,Q1005363
Q938833,Q3001407
Q938833,Q22968980
Q18355214,Q18355236
Q18355214,Q23949488
Q18355214,Q23776822
Q18355214,Q10466400
Q18355214,Q25301483
Q18355214,Q3628786
Q18355214,Q9663
Q1986718,Q1771958
Q1986718,Q593761
Q937510,Q937526
Q937510,Q28166
Q937510,Q764131
Q937510,Q1005379
Q15056097,Q15056098
Q15056097,Q15055079
Q15056097,Q825035
Q15056097,Q1222212
Q15056097,Q65242200
Q15056097,Q2362858
Q15056097,Q3292215
Q15056097,Q15055081
Q15056097,Q3628781
Q15056097,Q3628691
Q23776821,Q23776822
Q23776821,Q26256651
Q23776821,Q3628752
Q2268451,Q1067796
Q2268451,Q249265
Q2268451,Q826510
Q2268451,Q847288
Q2268451,Q15054997
Q2268451,Q1004931
Q2268451,Q2174649
Q25396702,Q25396694
Q25396702,Q4786045
Q31850,Q326382
Q31850,Q348714
Q31850,Q348720
Q1798882,Q932865
Q1798882,Q1798867
Q1798882,Q1772017
Q1798882,Q1636766
Q1798882,Q3628767
Q1798882,Q2313511
Q1798882,Q917348
Q1798882,Q3628760
Q721620,Q18479838
Q721620,Q795011
Q721620,Q384008
Q721620,Q1004968
Q721620,Q126744
Q721620,Q128838
Q721620,Q1464256
Q721620,Q65242336
Q721620,Q25162542
Q764131,Q1005379
Q764131,Q28163
Q764131,Q2352412
Q764131,Q2353351
Q916735,Q769542
Q916735,Q614894
Q916735,Q302701
Q916735,Q905607
Q916735,Q637365
Q916735,Q658077
Q916735,Q25476545
Q916735,Q320384
Q916735,Q25162542
Q937526,Q28166
Q937526,Q1005379
Q937526,Q4000234
Q25301472,Q25301483
Q25301472,Q4471528
Q25301472,Q977229
Q658077,Q769542
Q658077,Q379473
Q658077,Q15620726
Q658077,Q15292539
Q658077,Q605663
Q24761058,Q24906792
Q24761058,Q3879567
Q24761058,Q15055085
Q24761058,Q1042441
Q22968977,Q22968985
Q22968977,Q22968986
Q22968977,Q22968973
Q15056098,Q15055079
Q15056098,Q15055081
Q15056098,Q3879660
Q15056098,Q3879653
Q15056098,Q3879604
Q18355236,Q18479838
Q18355236,Q23949489
Q18355236,Q26155834
Q1005551,Q1005663
Q1636766,Q257545
Q1636766,Q3628752
Q1636766,Q26218947
Q1636766,Q2313511
Q1636766,Q2313564
Q1636766,Q595055
Q1636766,Q681571
Q1636766,Q26233790
Q1636766,Q23949488
Q1636766,Q613470
Q1636766,Q517035
Q1636766,Q25991456
Q1636766,Q525031
Q1636766,Q3628682
Q1636766,Q2313481
Q1636766,Q3628764
Q1636766,Q3628792
Q1636766,Q2558983
Q1636766,Q1408897
Q1636766,Q165394
Q22968980,Q22968983
Q22968980,Q22968974
Q22968980,Q17515790
Q22968980,Q7372006
Q22968980,Q945090
Q22968980,Q22968984
Q22968980,Q7371999
Q22968980,Q2460802
Q22968980,Q22964459
Q22968980,Q22964456
Q25476545,Q25476541
Q25476545,Q2332511
Q25476545,Q3499066
Q25476545,Q8037903
Q25476545,Q374871
Q25476545,Q7400307
Q732985,Q905503
Q732985,Q385894
Q732985,Q15056102
Q732985,Q3730943
Q732985,Q15055073
Q732985,Q18728
Q843436,Q13655354
Q843436,Q65242164
Q843436,Q4786050
Q843436,Q4786037
Q843436,Q2557677
Q843436,Q26234091
Q843436,Q653672
Q843436,Q733756
Q843436,Q848655
Q843436,Q584030
Q843436,Q2269716
Q843436,Q26155834
Q843436,Q1771958
Q843436,Q1066390
Q843436,Q904345
Q843436,Q922361
Q843436,Q905607
Q843436,Q587012
Q843436,Q3628696
Q843436,Q2312004
Q1799251,Q1771958
Q1799251,Q848278
Q1799251,Q25991463
Q1799251,Q1422103
Q22968985,Q22968986
Q22968985,Q7372006
Q22968985,Q22968983
Q733756,Q2558493
Q733756,Q916976
Q733756,Q1422103
Q733756,Q3628763
Q733756,Q613746
Q733756,Q15055035
Q733756,Q1440658
Q15620701,Q15620700
Q15620701,Q15620726
Q15620701,Q769542
Q15620701,Q782385
Q15620701,Q26212275
Q15620701,Q2352412
Q15620701,Q637365
Q1005683,Q945090
Q1005683,Q1005508
Q1005683,Q1222549
Q1005683,Q7371998
Q1005683,Q2731531
Q1005683,Q22964458
Q15620726,Q15620700
Q15620726,Q15292539
Q15620726,Q637365
Q15620726,Q824928
Q795011,Q128838
Q795011,Q18479838
Q795011,Q126744
Q15054997,Q15055004
Q15054997,Q15055013
Q15054997,Q15054994
Q15054997,Q826510
Q15054997,Q1004892
Q15054997,Q7656687
Q15054997,Q917752
Q15054997,Q15056096
Q15054997,Q15055075
Q15054997,Q1005557
Q15054997,Q1005576
Q23949488,Q23949489
Q23949488,Q302955
Q23949488,Q3730943
Q23949488,Q23776822
Q47155425,Q47155408
Q47155425,Q47155541
Q47155425,Q47155467
Q47155425,Q107861714
Q47155425,Q107861723
Q47155425,Q15052019
Q22968983,Q22968974
Q22968983,Q1005508
Q22968983,Q7372006
Q22968983,Q7371997
Q22968983,Q22968984
Q1772017,Q1798867
Q1772017,Q3628684
Q1772017,Q853040
Q1772017,Q26155829
Q1772017,Q917333
Q1772017,Q906128
Q1772017,Q15056099
Q1772017,Q1408897
Q1772017,Q3628760
Q945090,Q1222420
Q945090,Q1005508
Q945090,Q7372002
Q945090,Q2732034
Q1798867,Q917348
Q1798867,Q853040
Q1798867,Q2313564
Q1798867,Q25991463
Q1798867,Q1004860
Q47155541,Q47155408
Q47155541,Q47155371
Q22968979,Q26256651
Q22968979,Q26265678
Q767351,Q427022
Q767351,Q1005508
Q767351,Q22964456
Q767351,Q7371997
Q767351,Q22968986
Q767351,Q22964427
Q767351,Q7371999
Q767351,Q22964457
Q1799157,Q1426702
Q1799157,Q734020
Q1799157,Q1084677
Q1799157,Q3879615
Q1799157,Q939181
Q1771958,Q5198393
Q1005508,Q1222420
Q1005508,Q17515790
Q1005508,Q7371999
Q25396694,Q4786042
Q25396694,Q903679
Q25396694,Q1202903
Q25396694,Q4443767
Q22968974,Q1222420
Q22968974,Q547331
Q22968974,Q22968973
Q22968974,Q22968976
Q22968986,Q22964457
Q15052026,Q15055038
Q15052026,Q15052014
Q15052026,Q15052019
Q15052026,Q15052012
Q15052026,Q15052022
Q18479838,Q26256651
Q18479838,Q23949489
Q18479838,Q126744
Q18479838,Q128838
Q15056101,Q15056102
Q15056101,Q15055072
Q15056101,Q15055033
Q15056101,Q3628791
Q15056101,Q3879602
Q15056101,Q2332511
Q15056101,Q1193987
Q15056101,Q2133123
Q47155408,Q107802335
Q47155408,Q47155371
Q1005554,Q1005663
Q947750,Q1043347
Q947750,Q1043354
Q947750,Q3879576
Q947750,Q1067772
Q947750,Q2723756
Q1005379,Q769542
Q1005379,Q28163
Q1005379,Q2311149
Q2269155,Q2269694
Q22968973,Q22968976
Q22968973,Q2732034
Q22968973,Q7372011
Q22968973,Q7372004
Q22968973,Q7372002
Q22968973,Q22964423
Q22968973,Q547331
Q23949489,Q15056105
Q28166,Q28163
Q1414502,Q1464256
Q15055978,Q15055980
Q15055978,Q15055038
Q15055978,Q875653
Q15055978,Q15056105
Q734020,Q754844
Q734020,Q853003
Q734020,Q220855
Q734020,Q3628761
Q734020,Q1439249
Q734020,Q766954
Q734020,Q1005363
Q734020,Q1426702
Q25476541,Q7400317
Q25476541,Q7400319
Q25476541,Q7400308
Q25476541,Q7400321
Q25476541,Q7372006
Q25476541,Q26155833
Q25476541,Q65242164
Q25476541,Q7400318
Q25476541,Q2557141
Q15620700,Q15292539
Q15620700,Q765044
Q15620700,Q769542
Q15620700,Q782385
Q15620700,Q4903025
Q22968984,Q22968976
Q22968984,Q2303535
Q22968984,Q595055
Q22968984,Q429621
Q22968984,Q2494175
Q1004931,Q2460802
Q1004931,Q225969
Q1004931,Q3879581
Q1004931,Q3879660
Q15292539,Q765044
Q15292539,Q769542
Q15292539,Q3628778
Q15292539,Q578012
Q15292539,Q843851
Q15292539,Q47309900
Q15292539,Q762663
Q15292539,Q782385
Q15292539,Q302701
Q47155467,Q15052019
Q47155467,Q14643199
Q1754221,Q1042441
Q1754221,Q18449954
Q1754221,Q26256610
Q1754221,Q1222469
Q1754221,Q1076376
Q225969,Q220386
Q225969,Q848689
Q225969,Q610603
Q225969,Q1221927
Q225969,Q1005044
Q225969,Q1221935
Q225969,Q47155371
Q23747965,Q581788
Q23747965,Q65242345
Q23747965,Q901754
Q23747965,Q374383
Q23747965,Q840683
Q23747965,Q5198393
Q23747965,Q757054
Q23747965,Q26237427
Q23747965,Q829370
Q23747965,Q1005272
Q765839,Q517035
Q765839,Q645460
Q765839,Q841530
Q765839,Q1433072
Q765839,Q3628777
Q765839,Q508776
Q765839,Q4467907
Q765839,Q4820134
Q765839,Q1426809
Q765839,Q4467910
Q25301483,Q9663
Q25301483,Q4471528
Q25301483,Q977229
Q25301483,Q1360866
Q14643120,Q15021060
Q14643120,Q14643126
Q14643120,Q14643199
Q14643120,Q1004934
Q14643120,Q280553
Q14643120,Q107802335
Q14643120,Q107861704
Q14643120,Q613571
Q14643120,Q846788
Q14643120,Q847288
Q841530,Q899312
Q841530,Q3628778
Q841530,Q2311975
Q841530,Q3628792
Q841530,Q875653
Q841530,Q3628785
Q841530,Q645460
Q841530,Q26233786
Q841530,Q15056100
Q832282,Q259965
Q832282,Q656724
Q832282,Q916724
Q832282,Q841946
Q832282,Q1005284
Q23776822,Q875653
Q23776822,Q988351
Q23776822,Q372925
Q23776822,Q946243
Q23776822,Q15056067
Q918063,Q4471528
Q918063,Q977229
Q918063,Q632742
Q918063,Q25793
Q15056102,Q15055073
Q15056102,Q15055072
Q15056102,Q916930
Q15056102,Q917752
Q15056102,Q3561232
Q15056102,Q15056100
Q15056102,Q3194709
Q47155371,Q107802335
Q47155371,Q107861704
Q47155371,Q107861717
Q769542,Q765044
Q769542,Q26245392
Q1464256,Q1004968
Q1464256,Q4903025
Q1464256,Q841622
Q28163,Q30680433
Q1222420,Q22964447
Q1222420,Q7372011
Q1222420,Q7372007
Q1222420,Q609385
Q1222420,Q22964453
Q15056279,Q15055001
Q15056279,Q15056067
Q15056279,Q15056068
Q15056279,Q635823
Q15056279,Q1027135
Q15056279,Q613470
Q1497594,Q1798105
Q1497594,Q1656251
Q1497594,Q905417
Q1497594,Q232032
Q1497594,Q1648332
Q1497594,Q1659542
Q1497594,Q1109255
Q1497594,Q6733834
Q1497594,Q1636437
Q1497594,Q1076823
Q1497594,Q1166556
Q1497594,Q7562756
Q1497594,Q1759650
Q1497594,Q603082
Q1497594,Q1354148
Q1497594,Q1427204
Q2263,Q858467
Q2263,Q165817
Q2263,Q328723
Q2263,Q269692
Q2263,Q1141420
Q2263,Q199884
Q2263,Q166272
Q2263,Q182763
Q1500141,Q1534510
Q1500141,Q263460
Q1500141,Q653056
Q1500141,Q842720
Q1500141,Q493807
Q1500141,Q482626
Q1500141,Q161400
Q262440,Q880111
Q714909,Q885601
Q714909,Q311161
Q1483532,Q1141252
Q1483532,Q1756560
Q1483532,Q270351
Q1483532,Q161400
Q1483532,Q1434995
Q1522716,Q1005811
Q1522716,Q26233783
Q175535,Q156608
Q175535,Q483118
Q175535,Q472361
Q175535,Q1140605
Q175535,Q156394
Q320384,Q164417
Q320384,Q1475136
Q320384,Q1862797
Q320384,Q164813
Q320384,Q2171744
Q320384,Q646269
Q320384,Q518863
Q320384,Q895690
Q320384,Q185248
Q320384,Q1427204
Q320384,Q38599
Q320384,Q161400
Q320384,Q1139794
Q493807,Q168010
Q493807,Q584766
Q493807,Q267866
Q493807,Q156911
Q493807,Q229599
Q493807,Q728404
Q493807,Q855222
Q493807,Q1768470
Q493807,Q471159
Q493807,Q270351
Q493807,Q913440
Q493807,Q162729
Q493807,Q1500457
Q493807,Q221384
Q493807,Q321561
Q493807,Q834021
Q1503700,Q330468
Q1503700,Q1427204
Q1503700,Q760266
Q1503700,Q5521011
Q1503700,Q1659542
Q1503700,Q604533
Q1503700,Q1109255
Q1503700,Q4460079
Q1503700,Q1076823
Q1503700,Q3157001
Q1503700,Q283481
Q1503700,Q1798105
Q1503700,Q1759650
Q1503700,Q603082
Q1503700,Q1060293
Q1503700,Q831437
Q1503700,Q1326725
Q1503700,Q1043614
Q170587,Q499535
Q170587,Q165817
Q170587,Q463832
Q170587,Q1494959
Q170587,Q474098
Q170587,Q2073496
Q170587,Q294641
Q170587,Q311161
Q170587,Q855222
Q26237421,Q2353475
Q26237421,Q7500827
Q26237421,Q7500739
Q26237421,Q7500764
Q26237421,Q7500743
Q26237421,Q31843484
Q26237421,Q25396733
Q26237421,Q2377414
Q26237421,Q26155833
Q26237421,Q19819174
Q26237421,Q26155834
Q26237421,Q4786042
Q26237421,Q7400329
Q26237421,Q7500786
Q26237421,Q3899244
Q26242954,Q26241858
Q26242954,Q26262262
Q26242954,Q26254891
Q26242954,Q2564420
Q26237420,Q1005722
Q26237420,Q988367
Q26237420,Q2268043
Q26237420,Q578012
Q26237420,Q2353533
Q26237420,Q1005172
Q26237420,Q1426826
Q26237420,Q31843481
Q26237420,Q1005313
Q26237420,Q988359
Q26237420,Q7500768
Q26237420,Q1027135
Q26237423,Q26228283
Q26237423,Q921100
Q26237423,Q1360834
Q26237423,Q26237425
Q26237423,Q26235041
Q26237423,Q26237427
Q26237423,Q7500796
Q26237423,Q3730943
Q26237427,Q2268082
Q26237427,Q763031
Q26237427,Q26235041
Q26237427,Q26228283
Q26237427,Q26237425
Q26237427,Q7500771
Q26237427,Q10466400
Q474098,Q840297
Q474098,Q309621
Q474098,Q726294
Q474098,Q1519049
Q474098,Q3107519
Q474098,Q1130705
Q474098,Q7137311
Q474098,Q2355815
Q474098,Q142292
Q474098,Q300439
Q474098,Q839596
Q474098,Q1336107
Q26245392,Q26265496
Q26245392,Q26265678
Q26245392,Q26254912
Q26245392,Q886359
Q26245392,Q26233793
Q26245392,Q26233794
Q26245392,Q26233798
Q26245392,Q26233783
Q26245392,Q963481
Q26254891,Q26262261
Q26254891,Q26265754
Q26254891,Q26262259
Q26254891,Q26250761
Q26254891,Q26241858
Q26254891,Q26262262
Q26254891,Q26262295
Q26254891,Q26256651
Q26254891,Q26401684
Q26250761,Q26262259
Q26250761,Q26262295
Q26235041,Q26220718
Q26235041,Q2353533
Q26235041,Q1360895
Q26235041,Q736527
Q26235041,Q26237425
Q26235041,Q26228283
Q26235041,Q26218171
Q26235041,Q5198393
Q26235041,Q3730943
Q26237425,Q2268100
Q26237425,Q26228283
Q26237425,Q3730943
Q26241858,Q26262262
Q26237636,Q25991466
Q26237636,Q25991459
Q26237636,Q3879594
Q26237636,Q784131
Q26237636,Q1193987
Q26237636,Q25991461
Q26237636,Q1094686
Q26237636,Q7656719
Q26237636,Q1074316
Q26237636,Q1076347
Q26237636,Q2557129
Q26237636,Q3628697
Q26237636,Q3628767
Q26237636,Q1141034
Q26254912,Q26265678
Q26254912,Q26233797
Q26254912,Q963481
Q26254912,Q886372
Q482626,Q168010
Q482626,Q1129069
Q482626,Q334179
Q482626,Q478626
Q482626,Q471159
Q482626,Q165817
Q482626,Q673486
Q482626,Q849656
Q482626,Q219424
Q482626,Q243439
Q482626,Q811023
Q482626,Q161087
Q482662,Q839042
Q482662,Q1408876
Q482662,Q1156648
Q482662,Q294641
Q482662,Q229599
Q482662,Q2309994
Q482662,Q220299
Q482662,Q142292
Q482662,Q162277
Q482662,Q263455
Q482662,Q1125442
Q482662,Q1127184
Q482662,Q1336107
Q482662,Q499633
Q26271841,Q26268456
Q26271841,Q24906829
Q26271841,Q26263222
Q26271841,Q26271817
Q472197,Q311161
Q26265496,Q26233790
Q26265496,Q26233797
Q26265496,Q26233798
Q26265496,Q5395306
Q26262259,Q26262261
Q26262259,Q26263261
Q26262259,Q26265754
Q26262259,Q26262295
Q26269194,Q26308744
Q26269194,Q25455359
Q26269194,Q26334986
Q26269194,Q26333692
Q26269194,Q2390636
Q26269194,Q26269232
Q26269194,Q2648878
Q26269194,Q26334232
Q26269194,Q526367
Q26269194,Q1005434
Q26263222,Q24906829
Q26263222,Q26268459
Q26263222,Q26268456
Q26262262,Q2564420
Q252097,Q1140605
Q252097,Q1537562
Q252097,Q591556
Q252097,Q183081
Q252097,Q322206
Q252097,Q2309994
Q252097,Q463768
Q252097,Q1889403
Q252097,Q901213
Q252097,Q1140762
Q26268459,Q26268456
Q26268459,Q24906829
Q26265678,Q26256651
Q26265678,Q26233783
Q471159,Q848785
Q471159,Q165817
Q471159,Q855222
Q471159,Q1768470
Q471159,Q300439
Q471159,Q498910
Q471159,Q160560
Q471159,Q580716
Q471159,Q156911
Q471159,Q1084074
Q471159,Q2529557
Q471159,Q726294
Q471159,Q746574
Q471159,Q34414
Q471159,Q842073
Q471159,Q168862
Q26260943,Q1202770
Q26260943,Q635304
Q26260943,Q2521899
Q26260943,Q15055084
Q26260943,Q15055087
Q26269219,Q26269232
Q26269219,Q26335055
Q26269219,Q20948675
Q26269219,Q26334232
Q26269219,Q26334986
Q26263261,Q26265754
Q26263261,Q7400344
Q26256610,Q18449954
Q26256610,Q584030
Q26256610,Q26218171
Q26256610,Q613746
Q26256610,Q1042441
Q26269232,Q26334232
Q26269232,Q26335055
Q26269232,Q919242
Q881069,Q965133
Q1500457,Q1056853
Q1500457,Q16156200
Q1500457,Q1074032
Q1500457,Q607122
Q1500457,Q1768470
Q1500457,Q1889403
Q1500457,Q337747
Q1500457,Q676513
Q1500457,Q1356402
Q1500457,Q1470767
Q1500457,Q1127184
Q1500457,Q157044
Q1500457,Q833299
Q1500457,Q1129534
Q26271817,Q24906829
Q26271817,Q26268456
Q26265754,Q26262261
Q26268456,Q24906829
Q850522,Q156394
Q850522,Q841203
Q850522,Q1216898
Q850522,Q34414
Q850522,Q164417
Q850522,Q466533
Q850522,Q151898
Q850522,Q810012
Q850522,Q162729
Q850522,Q321561
Q850522,Q1058555
Q850522,Q1124875
Q850522,Q157044
Q850522,Q833299
Q162997,Q838154
Q162997,Q1125451
Q162997,Q913440
Q162997,Q673486
Q162997,Q165392
Q162997,Q1067409
Q162997,Q108006
Q162997,Q1180839
Q162997,Q1470767
Q162997,Q478212
Q500612,Q3187923
Q500612,Q604533
Q500612,Q3111799
Q500612,Q7929598
Q500612,Q1659542
Q500612,Q7258343
Q500612,Q7426859
Q500612,Q6109704
Q642516,Q840297
Q642516,Q142292
Q642516,Q270351
Q642516,Q913440
Q642516,Q854589
Q642516,Q375512
Q642516,Q463832
Q646426,Q1476272
Q646426,Q164804
Q646426,Q842720
Q646426,Q841476
Q646426,Q1125442
Q646426,Q2073496
Q646426,Q797242
Q646426,Q810012
Q646426,Q2355815
Q646426,Q1089283
Q646426,Q607122
Q646426,Q844883
Q646426,Q165392
Q646426,Q392441
Q646426,Q1889403
Q646426,Q1067409
Q646426,Q1543028
Q646426,Q603448
Q646426,Q1058555
Q646426,Q202735
Q646426,Q842770
Q646426,Q1140762
Q646426,Q270410
Q3536188,Q7929598
Q3536188,Q1659542
Q3536188,Q1798105
Q3536188,Q7258343
Q3536188,Q7916121
Q3536188,Q3181879
Q3536188,Q1193810
Q2732034,Q2732321
Q2732034,Q2322860
Q2732034,Q547331
Q2732034,Q22964455
Q2732034,Q16968702
Q2732034,Q17515790
Q2732034,Q2731531
Q2732034,Q735286
Q26389812,Q8979743
Q26389812,Q3730943
Q26389812,Q1131387
Q26389812,Q1130659
Q26389812,Q1184283
Q2718015,Q2070832
Q2718015,Q1005363
Q2718015,Q5198388
Q2718015,Q3628764
Q2718015,Q1415848
Q26419091,Q26339635
Q26419091,Q26339577
Q26419091,Q26404138
Q26419091,Q26419030
Q26308744,Q20948675
Q26308744,Q26334986
Q26308744,Q26333692
Q26406504,Q26406514
Q26406504,Q3899249
Q26406504,Q584030
Q26406504,Q587012
Q26406504,Q26218913
Q26406504,Q7500819
Q26406504,Q775967
Q26406504,Q2353475
Q2648878,Q526367
Q2648878,Q919242
Q2648878,Q1005434
Q2648878,Q25455359
Q2648878,Q2390636
Q2648878,Q26334907
Q2648878,Q539696
Q26404105,Q26339577
Q26404105,Q26339635
Q26404105,Q26404138
Q2726820,Q2726746
Q2726820,Q658704
Q2726820,Q2726788
Q26334986,Q20948675
Q26334986,Q25455359
Q26334986,Q26334907
Q26334986,Q526367
Q26334986,Q1005434
Q26334986,Q26305911
Q26334986,Q26333692
Q2726788,Q658704
Q2726788,Q2570068
Q2726788,Q2570149
Q26334232,Q26335055
Q26334232,Q25455359
Q26305911,Q20948675
Q26305911,Q26334907
Q26305911,Q526367
Q26305911,Q919242
Q26305911,Q2936542
Q26320658,Q26328052
Q26320658,Q26328066
Q26320658,Q26280676
Q2726746,Q2570068
Q2726746,Q1051974
Q3536743,Q3411591
Q3536743,Q831437
Q3536743,Q1624299
Q3536743,Q3181879
Q3536743,Q3111799
Q3536743,Q760266
Q3536743,Q3530081
Q3536743,Q3411599
Q3536743,Q842770
Q26308566,Q26218274
Q26308566,Q26219865
Q26308566,Q26218320
Q3235297,Q3157001
Q3235297,Q6402794
Q3235297,Q1636437
Q3235297,Q843949
Q3235297,Q2698933
Q3235297,Q3187923
Q3235297,Q603082
Q3235297,Q831437
Q269521,Q1192124
Q269521,Q1095367
Q269521,Q1092809
Q269521,Q955487
Q269521,Q1139399
Q269521,Q1997032
Q269521,Q241789
Q26404138,Q26339577
Q26404138,Q26339635
Q26406514,Q3899249
Q26406514,Q3899247
Q26406514,Q2377414
Q26406514,Q1075752
Q26406514,Q26217722
Q26328066,Q26328052
Q26328066,Q26294109
Q26334713,Q2352412
Q26334713,Q2353351
Q26334713,Q4000244
Q164103,Q515416
Q164103,Q1434995
Q164103,Q478212
Q164103,Q1125451
Q164103,Q841203
Q164103,Q726294
Q164103,Q580716
Q164103,Q166262
Q164103,Q108006
Q164103,Q728404
Q164103,Q269912
Q2726750,Q1051974
Q2726750,Q2570052
Q2726750,Q632754
Q263926,Q1064410
Q263926,Q548072
Q263926,Q691742
Q263926,Q3628763
Q263926,Q1076347
Q263926,Q853040
Q26339635,Q26339577
Q26339635,Q26419030
Q26334907,Q25455359
Q26334907,Q20948675
Q26334907,Q526367
Q2687405,Q782722
Q2634280,Q7400350
Q2634280,Q2563962
Q2634280,Q2558792
Q232032,Q1636437
Q232032,Q4662707
Q232032,Q6402794
Q232032,Q1060293
Q232032,Q3427443
Q232032,Q1723681
Q232032,Q3182895
Q232032,Q3176321
Q232032,Q1471937
Q232032,Q515416
Q232032,Q3530081
Q232032,Q604533
Q232032,Q843949
Q232032,Q6894320
Q232032,Q330468
Q232032,Q163549
Q232032,Q1043614
Q2715839,Q1139399
Q2715839,Q905493
Q2715839,Q1372090
Q2715839,Q508776
Q2715839,Q2196657
Q2715839,Q771886
Q2715839,Q1997551
Q2715839,Q2557145
Q2715839,Q2364389
Q2715839,Q729339
Q26280676,Q26294109
Q26280676,Q26328052
Q26280676,Q26294065
Q26294065,Q26294109
Q26294065,Q26328052
Q843949,Q780886
Q843949,Q1964153
Q843949,Q760266
Q843949,Q1659542
Q843949,Q1798105
Q843949,Q3292215
Q843949,Q515416
Q843949,Q2923057
Q843949,Q3176321
Q843949,Q3530081
Q843949,Q1759650
Q843949,Q7426859
Q843949,Q831437
Q843949,Q1043614
Q621529,Q498109
Q621529,Q7929598
Q621529,Q5521011
Q621529,Q310960
Q621529,Q836821
Q621529,Q228936
Q621529,Q518863
Q621529,Q1005040
Q621529,Q183081
Q621529,Q1222543
Q621529,Q167437
Q26339577,Q26419030
Q511914,Q160618
Q511914,Q7137311
Q2732321,Q547331
Q2732321,Q2322860
Q2732321,Q16968702
Q2732321,Q22964447
Q2732321,Q17515790
Q642501,Q219424
Q642501,Q1055299
Q642501,Q842720
Q642501,Q575848
Q642501,Q270599
Q642501,Q832728
Q642501,Q165325
Q642501,Q1124875
Q642501,Q34414
Q2731531,Q1222549
Q2731531,Q2322860
Q2731531,Q22964455
Q2731531,Q22964458
Q9663,Q1005746
Q9663,Q4088890
Q9663,Q870649
Q9663,Q1222066
Q9663,Q1005103
Q9663,Q10152
Q9663,Q15055980
Q9663,Q1222469
Q9663,Q1222023
Q9663,Q1221877
Q9663,Q1004987
Q9663,Q1221869
Q9663,Q843851
Q9663,Q905485
Q9663,Q1004863
Q9663,Q1005063
Q9663,Q1005211
Q9663,Q1004936
Q9663,Q1005066
Q9663,Q1005212
Q9663,Q5280017
Q9663,Q1004914
Q9663,Q4471528
Q9663,Q1005486
Q9663,Q5443142
Q2731998,Q634029
Q2731998,Q2455198
Q2731998,Q609385
Q2731998,Q7372001
Q2731998,Q22964455
Q26294109,Q26328052
Q509256,Q372299
Q509256,Q1055299
Q509256,Q267866
Q509256,Q726294
Q509256,Q471720
Q509256,Q1084074
Q509256,Q1698939
Q509256,Q1476272
Q509256,Q1139794
Q2718019,Q2269694
Q2718019,Q1064571
Q2718019,Q107861696
Q2718019,Q2174649
Q2718019,Q2329168
Q10152,Q2558525
Q10152,Q1439323
Q10152,Q2557677
Q10152,Q26233791
Q10152,Q3879565
Q10152,Q26218274
Q10152,Q2318836
Q10152,Q15055087
Q10152,Q605663
Q10152,Q4903025
Q10152,Q736527
Q10152,Q886732
Q26333692,Q2390636
Q26333692,Q25455359
Q26401684,Q914969
Q26401684,Q3998590
Q26401684,Q2174649
Q26335055,Q919261
Q26335055,Q919242
Q26335055,Q22964454
Q646269,Q1862797
Q646269,Q913440
Q646269,Q167726
Q646269,Q720357
Q646269,Q580716
Q646269,Q833299
Q646269,Q162277
Q646269,Q811023
Q646269,Q270599
Q646269,Q1130297
Q646269,Q603448
Q646269,Q1480747
Q646269,Q1129069
Q3530081,Q1433549
Q3530081,Q2737200
Q3530081,Q3111799
Q3530081,Q1193810
Q3530081,Q7517709
Q3530081,Q2054362
Q3530081,Q1723681
Q3530081,Q3181879
Q3530081,Q3411599
Q3530081,Q760266
Q3530081,Q7916121
Q3530081,Q891821
Q3530081,Q3411591
Q3530081,Q2737320
Q3530081,Q1759650
Q3530081,Q1060293
Q3530081,Q780886
Q26234091,Q3628684
Q26234091,Q922361
Q26234091,Q645460
Q26234091,Q31843484
Q26234091,Q766954
Q26234091,Q2618235
Q26234091,Q1433079
Q26234091,Q1069209
Q3429157,Q7929598
Q3429157,Q3411599
Q3429157,Q3182895
Q3429157,Q2054362
Q3429157,Q1759650
Q3429157,Q7562756
Q3429157,Q3411591
Q3429157,Q3327400
Q3429157,Q3630260
Q263455,Q1089281
Q263455,Q483166
Q263455,Q483941
Q263455,Q478748
Q263455,Q142292
Q263455,Q270351
Q263455,Q4480654
Q263455,Q1476272
Q263455,Q603448
Q263455,Q1124980
Q263455,Q1127184
Q3597945,Q1056853
Q243439,Q1140085
Q243439,Q108006
Q243439,Q478626
Q243439,Q603448
Q243439,Q271006
Q243439,Q726294
Q243439,Q165817
Q243439,Q1035093
Q243439,Q1476272
Q243439,Q844883
Q243439,Q221384
Q243439,Q185376
Q243439,Q478212
Q243439,Q741196
Q243439,Q848785
Q3424327,Q3411599
Q3424327,Q760266
Q3424327,Q678761
Q3424327,Q7517709
Q3424327,Q7258343
Q3424327,Q1723681
Q3424327,Q4296485
Q3424327,Q3181879
Q3424327,Q1193810
Q3424327,Q3764588
Q3424327,Q4468079
Q3424327,Q1043614
Q2732386,Q2341653
Q2732386,Q2566720
Q2732386,Q1001497
Q2732386,Q7400342
Q518863,Q1055299
Q518863,Q270410
Q518863,Q164417
Q518863,Q160560
Q518863,Q241218
Q518863,Q833566
Q270385,Q1354148
Q270385,Q895690
Q270385,Q478748
Q270385,Q898721
Q270385,Q166262
Q270385,Q1216898
Q270385,Q336018
Q3764588,Q2737200
Q3764588,Q1656251
Q3764588,Q2054362
Q3764588,Q3411599
Q3764588,Q1193810
Q3764588,Q4460079
Q3764588,Q7397517
Q3764588,Q3176321
Q3764588,Q515416
Q3764588,Q1433549
Q3764588,Q162277
Q1141420,Q1740909
Q1141420,Q270215
Q1141420,Q478626
Q1141420,Q160618
Q3212960,Q673486
Q3212960,Q372299
Q3212960,Q170035
Q3212960,Q2355815
Q641786,Q267018
Q641786,Q670439
Q641786,Q533383
Q641786,Q673486
Q641786,Q810012
Q2073496,Q263663
Q2073496,Q3018583
Q3630260,Q7852442
Q3630260,Q603082
Q3630260,Q7929598
Q3630260,Q760266
Q3630260,Q3111799
Q3630260,Q3176321
Q3630260,Q3411591
Q3630260,Q5555971
Q3630260,Q4296485
Q3630260,Q6894320
Q3630260,Q678761
Q3630260,Q2737200
Q392441,Q1129381
Q392441,Q603448
Q392441,Q1125442
Q392441,Q164813
Q392441,Q165392
Q392441,Q157044
Q482370,Q466533
Q482370,Q300439
Q482370,Q1140578
Q482370,Q219424
Q482370,Q165392
Q482370,Q515416
Q839042,Q676513
Q839042,Q1180839
Q839042,Q108543
Q839042,Q241085
Q26233790,Q26233796
Q26233790,Q26233797
Q26233790,Q26233798
Q26233790,Q25162542
Q26233790,Q26233786
Q26233790,Q7500747
Q26233790,Q15056267
Q26233790,Q886372
Q26233790,Q5395306
Q26233790,Q384008
Q26233790,Q3628776
Q26233790,Q4354069
Q3411599,Q3327400
Q3411599,Q7562756
Q3411599,Q1433549
Q3411599,Q2054362
Q3411599,Q7517709
Q3411599,Q3111799
Q3411599,Q760266
Q3411599,Q1193810
Q3411599,Q891821
Q3411599,Q1043614
Q3411599,Q7929598
Q3411599,Q3181879
Q3411599,Q1723681
Q3411599,Q1648332
Q3411599,Q3182895
Q3411599,Q3187923
Q3411599,Q3176321
Q3411599,Q3429458
Q3411599,Q4692983
Q3411599,Q4802580
Q3411599,Q165325
Q6402794,Q7397517
Q6402794,Q3157001
Q6402794,Q678761
Q6402794,Q1656251
Q6402794,Q1433549
Q6402794,Q3411591
Q6402794,Q5521011
Q6402794,Q7258343
Q6402794,Q283481
Q6402794,Q603082
Q6402794,Q977750
Q6402794,Q684470
Q508365,Q1326725
Q508365,Q1636437
Q508365,Q1433549
Q508365,Q3427443
Q508365,Q1043614
Q26233786,Q26233783
Q26233786,Q26233789
Q26233786,Q26233794
Q26233786,Q26233791
Q26233786,Q26233797
Q26233786,Q7500840
Q26233786,Q3628778
Q26233786,Q1074357
Q26233786,Q1005621
Q26233786,Q26233793
Q26233786,Q26233795
Q26233786,Q963859
Q26233786,Q762663
Q26233786,Q1027135
Q6733834,Q7397517
Q6733834,Q1659542
Q6733834,Q7258343
Q6733834,Q7916121
Q6733834,Q3157001
Q6733834,Q11055371
Q6733834,Q3628770
Q6733834,Q4899703
Q6733834,Q1354148
Q3187923,Q1659542
Q3187923,Q1624299
Q3187923,Q3765015
Q3187923,Q7187334
Q3187923,Q1433549
Q3187923,Q3181879
Q26233793,Q26233789
Q26233793,Q26233791
Q26233793,Q26233794
Q840297,Q2309994
Q840297,Q332334
Q840297,Q142292
Q840297,Q183081
Q840297,Q908982
Q840297,Q1125384
Q840297,Q249288
Q3520627,Q478626
Q3520627,Q108006
Q3520627,Q300439
Q663528,Q1005108
Q3235309,Q1393668
Q3235309,Q2698933
Q3235309,Q4460079
Q3235309,Q1433549
Q26233796,Q761318
Q26233796,Q26233797
Q26233794,Q26233795
Q26233794,Q26233791
Q26233794,Q26233789
Q26233794,Q762663
Q26233794,Q384008
Q26233798,Q26233789
Q26233798,Q25162542
Q26233798,Q5395306
Q26233798,Q4354069
Q288549,Q922248
Q288549,Q922361
Q288549,Q3879615
Q288549,Q1440658
Q288549,Q1439323
Q288549,Q1075752
Q1617908,Q1519049
Q1617908,Q3107519
Q1617908,Q185376
Q1617908,Q684470
Q1617908,Q1129069
Q1617908,Q918380
Q1617908,Q270351
Q1617908,Q1141252
Q1617908,Q2819546
Q1617908,Q841515
Q1516852,Q142292
Q1516852,Q841515
Q1516852,Q575848
Q1516852,Q1074032
Q1516852,Q1130705
Q1516852,Q108006
Q305439,Q2091137
Q305439,Q2358254
Q305439,Q2358274
Q305439,Q2171151
Q305439,Q2550697
Q7397517,Q1659542
Q7397517,Q1433549
Q7397517,Q3411591
Q7397517,Q1648332
Q7397517,Q905417
Q7397517,Q1656251
Q7397517,Q3328063
Q7397517,Q174454
Q7397517,Q3327400
Q7397517,Q4661594
Q7397517,Q7187334
Q7397517,Q11055371
Q7397517,Q2820108
Q7397517,Q283481
Q7397517,Q6810921
Q7397517,Q603082
Q3427443,Q1433549
Q3427443,Q2737200
Q3427443,Q4468079
Q3427443,Q7929598
Q3427443,Q6894320
Q3427443,Q2698933
Q3427443,Q7916121
Q3427443,Q1094828
Q3427443,Q1166556
Q3427443,Q2737320
Q3427443,Q1964153
Q3427443,Q1193810
Q533383,Q1543028
Q533383,Q1543439
Q533383,Q842720
Q533383,Q1123479
Q533383,Q646077
Q533383,Q270410
Q533383,Q1084074
Q533383,Q2618235
Q533383,Q26218274
Q533383,Q2529557
Q533383,Q161400
Q533383,Q164813
Q533383,Q833566
Q533383,Q858467
Q533383,Q241218
Q533383,Q499633
Q533383,Q160215
Q533383,Q168862
Q1130705,Q309621
Q1130705,Q2900179
Q1130705,Q726294
Q1130705,Q2392216
Q1130705,Q1125282
Q3039134,Q584005
Q3039134,Q497491
Q3039134,Q782722
Q3039134,Q2332511
Q458629,Q1752509
Q458629,Q1125451
Q458629,Q304074
Q458629,Q913440
Q458629,Q157044
Q458629,Q1476272
Q458629,Q580716
Q458629,Q165392
Q458629,Q918380
Q7916121,Q4802580
Q7916121,Q1109255
Q7916121,Q7517709
Q7916121,Q3182895
Q7916121,Q3328063
Q7916121,Q3181879
Q7916121,Q3429458
Q7916121,Q3765015
Q7916121,Q2054362
Q7916121,Q11055371
Q1546370,Q844506
Q1546370,Q1089283
Q1546370,Q1124080
Q1546370,Q977750
Q1546370,Q160618
Q375512,Q1148499
Q375512,Q498109
Q375512,Q1130395
Q375512,Q241218
Q375512,Q165325
Q375512,Q1129069
Q375512,Q855222
Q891821,Q603082
Q891821,Q760266
Q891821,Q2054362
Q891821,Q3111799
Q891821,Q2737200
Q891821,Q1656251
Q891821,Q3182895
Q891821,Q3181879
Q891821,Q1723681
Q891821,Q780886
Q303268,Q259965
Q303268,Q656724
Q303268,Q1005486
Q303268,Q825058
Q303268,Q905503
Q303268,Q613470
Q303268,Q531844
Q303268,Q1005047
Q303268,Q15056067
Q303268,Q1004936
Q303268,Q578012
Q303268,Q886732
Q26233791,Q26233795
Q26233791,Q26233789
Q26233791,Q762663
Q26233791,Q10572421
Q26233791,Q1027135
Q26233478,Q681571
Q26233478,Q4443767
Q26233478,Q7500836
Q26233478,Q775967
Q26233478,Q5395306
Q26233478,Q26155833
Q26233478,Q7500739
Q26233478,Q7500816
Q26233478,Q7500750
Q26233478,Q7400329
Q270599,Q1055299
Q270599,Q1140578
Q270599,Q372299
Q270599,Q219424
Q270599,Q270410
Q270599,Q191828
Q270599,Q183081
Q270599,Q165325
Q270599,Q159638
Q270599,Q726294
Q270599,Q162277
Q270599,Q1534510
Q270599,Q156394
Q270599,Q463832
Q270599,Q2392216
Q270599,Q1193488
Q270599,Q1476272
Q270599,Q810012
Q270599,Q1125451
Q270599,Q1519049
Q270599,Q263460
Q270599,Q1129381
Q270599,Q1129534
Q2936542,Q2494175
Q2936542,Q539696
Q2936542,Q1004935
Q646077,Q854589
Q646077,Q2819546
Q646077,Q249288
Q646077,Q832728
Q646077,Q895690
Q646077,Q1140605
Q646077,Q578873
Q646077,Q1519049
Q646077,Q1124980
Q2740554,Q905493
Q2740554,Q1371783
Q2740554,Q2557145
Q2740554,Q7979998
Q2740554,Q1139399
Q2740554,Q1750591
Q2740554,Q26212176
Q3328063,Q4662707
Q3328063,Q7852442
Q3328063,Q7517709
Q3328063,Q603082
Q3328063,Q7187334
Q26233783,Q7400308
Q26233783,Q7400318
Q26233783,Q681571
Q26233783,Q763031
Q26233783,Q26233789
Q3082335,Q962650
Q3082335,Q2521899
Q3082335,Q2618235
Q305171,Q2071266
Q305171,Q25991463
Q305171,Q1076347
Q305171,Q2070029
Q305171,Q1094667
Q305171,Q7656727
Q305171,Q1193987
Q305171,Q1067772
Q1624299,Q4662707
Q1624299,Q1433549
Q1624299,Q1060293
Q1624299,Q1109255
Q1624299,Q2819546
Q1624299,Q1056853
Q3181879,Q760266
Q3181879,Q7929598
Q3181879,Q2054362
Q3181879,Q3411591
Q3181879,Q3111799
Q3181879,Q1656251
Q3181879,Q4296485
Q3181879,Q1471937
Q3181879,Q515416
Q3181879,Q3327400
Q3181879,Q3765015
Q3181879,Q2737320
Q3181879,Q1193810
Q3181879,Q1130395
Q26233789,Q1004892
Q26233789,Q826510
Q7426859,Q3176321
Q7426859,Q1433549
Q7426859,Q5555971
Q7426859,Q7929598
Q7426859,Q780886
Q7426859,Q3292215
Q7426859,Q1193810
Q7426859,Q1656251
Q7426859,Q1471937
Q7426859,Q7852442
Q7426859,Q5521011
Q7426859,Q515416
Q7426859,Q3111799
Q7426859,Q4023742
Q7426859,Q2737320
Q7426859,Q1723681
Q7426859,Q1964153
Q7426859,Q678761
Q7426859,Q1393668
Q26233797,Q761318
Q326382,Q31844
Q326382,Q348720
Q326382,Q348714
Q3176321,Q3111799
Q3176321,Q2054362
Q3176321,Q6109704
Q3176321,Q1723681
Q3176321,Q183081
Q3176321,Q3327400
Q3176321,Q4296485
Q3176321,Q604533
Q3176321,Q2923057
Q3176321,Q7258343
Q3176321,Q1393668
Q4023742,Q678761
Q4023742,Q1109255
Q4023742,Q1193810
Q4023742,Q4460079
Q221384,Q1140085
Q221384,Q3628708
Q221384,Q165817
Q221384,Q334179
Q221384,Q164963
Q221384,Q3292215
Q221384,Q162729
Q221384,Q166262
Q221384,Q165394
Q221384,Q164804
Q221384,Q182763
Q221384,Q156608
Q221384,Q1138936
Q1130317,Q1538902
Q1130317,Q300842
Q1130317,Q250912
Q1648332,Q2698933
Q1648332,Q905417
Q1648332,Q330468
Q1648332,Q1798105
Q1648332,Q1427204
Q1648332,Q603082
Q6109704,Q780886
Q6109704,Q1471937
Q6109704,Q1193810
Q6109704,Q4692983
Q6109704,Q603082
Q6109704,Q5521011
Q6109704,Q1166556
Q6109704,Q2923057
Q6109704,Q2737320
Q6109704,Q7258343
Q6109704,Q6894320
Q6109704,Q1427204
Q1889403,Q263663
Q1889403,Q1056853
Q1889403,Q841203
Q1889403,Q1964153
Q1889403,Q322206
Q4943386,Q515416
Q4943386,Q1109255
Q7852442,Q1656251
Q7852442,Q4662707
Q7852442,Q283481
Q7852442,Q810012
Q7852442,Q5521011
Q464252,Q842073
Q464252,Q167437
Q464252,Q267866
Q464252,Q839434
Q464252,Q603448
Q464252,Q169082
Q3411591,Q1193810
Q3411591,Q1723681
Q3411591,Q1659542
Q3411591,Q3182895
Q3411591,Q1166556
Q3411591,Q7562756
Q3411591,Q2820108
Q3411591,Q7258343
Q3411591,Q283481
Q3411591,Q908982
Q3411591,Q1043614
Q3411591,Q471976
Q5555971,Q11055371
Q5555971,Q603082
Q5555971,Q3157001
Q5555971,Q1433549
Q5555971,Q1636437
Q5555971,Q4692983
Q5555971,Q2737320
Q4460079,Q1656251
Q4460079,Q1109255
Q4460079,Q330468
Q4460079,Q1433549
Q1543439,Q169082
Q1543439,Q1055299
Q1543439,Q334179
Q1543439,Q466533
Q1543439,Q584766
Q1543439,Q833566
Q1543439,Q16156200
Q1543439,Q1089281
Q1543439,Q499371
Q1543439,Q1127184
Q1543439,Q1125451
Q1543439,Q1129227
Q334179,Q219424
Q334179,Q165325
Q334179,Q1480747
Q334179,Q466533
Q334179,Q156394
Q334179,Q1140935
Q334179,Q754745
Q334179,Q483941
Q334179,Q332334
Q334179,Q174908
Q334179,Q1537071
Q334179,Q313566
Q334179,Q580716
Q334179,Q1356402
Q334179,Q160560
Q334179,Q842720
Q334179,Q270215
Q334179,Q272064
Q334179,Q478626
Q515416,Q1659542
Q515416,Q330468
Q515416,Q1043614
Q515416,Q760266
Q515416,Q4296485
Q515416,Q1471937
Q515416,Q1636437
Q515416,Q7517709
Q515416,Q5521011
Q515416,Q4692983
Q515416,Q2054362
Q515416,Q1393668
Q515416,Q913440
Q535550,Q165817
Q535550,Q167726
Q535550,Q108006
Q535550,Q108543
Q535550,Q1140578
Q535550,Q241218
Q535550,Q720357
Q535550,Q478626
Q222018,Q834021
Q222018,Q471976
Q222018,Q34414
Q222018,Q185079
Q222018,Q241218
Q222018,Q167726
Q222018,Q1129534
Q222018,Q183081
Q222018,Q726294
Q222018,Q337747
Q222018,Q7137311
Q222018,Q1334948
Q222018,Q165392
Q222018,Q156911
Q222018,Q270215
Q832728,Q463768
Q832728,Q673486
Q832728,Q1140439
Q832728,Q836821
Q832728,Q1199323
Q832728,Q844068
Q1862797,Q1124875
Q1862797,Q1140578
Q1862797,Q229603
Q1862797,Q164804
Q1862797,Q108543
Q1862797,Q160215
Q1862797,Q810012
Q1862797,Q1476272
Q1862797,Q1534510
Q1862797,Q1130297
Q1862797,Q1123479
Q1862797,Q1193488
Q1862797,Q159638
Q1862797,Q164417
Q1862797,Q160560
Q1862797,Q166262
Q26228283,Q2353509
Q26228283,Q962842
Q26228283,Q942244
Q26228283,Q7500849
Q26228283,Q7500772
Q3182895,Q2923057
Q3182895,Q1471937
Q3182895,Q7517709
Q3182895,Q1656251
Q3182895,Q780886
Q3182895,Q1636437
Q3182895,Q1094828
Q7517709,Q7929598
Q7517709,Q3111799
Q7517709,Q1723681
Q7517709,Q4802580
Q7517709,Q1759650
Q7517709,Q1193810
Q7517709,Q1393668
Q7517709,Q271006
Q7517709,Q1141457
Q1656251,Q1636437
Q1656251,Q1326725
Q1656251,Q7309828
Q1656251,Q4661594
Q1656251,Q1109255
Q1656251,Q2820108
Q1656251,Q1759650
Q1656251,Q2737200
Q174454,Q283481
Q174454,Q1659542
Q174454,Q2698933
Q174454,Q6894320
Q174454,Q1109255
Q174454,Q7187334
Q174454,Q2737320
Q1125282,Q463832
Q1125282,Q844068
Q1125282,Q1141460
Q4468079,Q1471937
Q4468079,Q1109255
Q4468079,Q1659542
Q4468079,Q7929598
Q4468079,Q3111799
Q4468079,Q780886
Q4468079,Q3292215
Q4468079,Q2737320
Q1494959,Q1516833
Q1494959,Q849656
Q1494959,Q1508565
Q1494959,Q167726
Q1494959,Q270410
Q607122,Q1346982
Q607122,Q575848
Q607122,Q841203
Q607122,Q475693
Q607122,Q1768470
Q607122,Q1199323
Q607122,Q272064
Q1659542,Q1166556
Q1659542,Q2054362
Q1659542,Q7258343
Q1659542,Q905417
Q1659542,Q330468
Q1659542,Q2923057
Q1659542,Q4296485
Q1659542,Q1471937
Q1659542,Q1433549
Q1659542,Q3292215
Q1659542,Q604533
Q1659542,Q283481
Q1659542,Q4802580
Q1659542,Q1964153
Q1659542,Q1060293
Q1659542,Q780886
Q1659542,Q1043614
Q1140935,Q185776
Q1140935,Q1140578
Q1140935,Q219424
Q1140935,Q2355815
Q1140935,Q466533
Q1140935,Q895690
Q1140935,Q462418
Q1140935,Q1169609
Q1140935,Q1216898
Q1140935,Q841515
Q1140935,Q475693
Q1140935,Q263663
Q1140935,Q173585
Q1140935,Q1129534
Q3327400,Q7562756
Q3327400,Q604533
Q3327400,Q852075
Q3327400,Q1471937
Q3327400,Q1043614
Q1683918,Q1427521
Q1683918,Q841476
Q1683918,Q144483
Q1683918,Q603448
Q1683918,Q1470767
Q1683918,Q1127184
Q1683918,Q1140578
Q1683918,Q156608
Q466533,Q1089281
Q466533,Q854589
Q466533,Q580716
Q466533,Q337747
Q466533,Q810012
Q466533,Q1216898
Q466533,Q478212
Q1636437,Q1326725
Q1636437,Q3157001
Q1636437,Q2737200
Q1636437,Q330468
Q1636437,Q780886
Q1636437,Q1433549
Q1636437,Q604533
Q1636437,Q1723681
Q1636437,Q1798105
Q1636437,Q760266
Q4296485,Q1109255
Q4296485,Q1723681
Q4296485,Q2698933
Q4296485,Q3111799
Q4296485,Q1393668
Q4296485,Q1471937
Q3429458,Q7309828
Q3429458,Q2054362
Q3429458,Q330468
Q3429458,Q4662707
Q3429458,Q1060293
Q7309828,Q2054362
Q7309828,Q852075
Q7309828,Q6810921
Q5521011,Q1109255
Q5521011,Q3157001
Q5521011,Q603082
Q5521011,Q7929598
Q5521011,Q7258343
Q5521011,Q1723681
Q5521011,Q760266
Q5521011,Q3765015
Q5521011,Q2923057
Q5521011,Q1964153
Q5521011,Q330468
Q660894,Q1140578
Q660894,Q833566
Q660894,Q1127709
Q660894,Q478748
Q3292215,Q905417
Q3292215,Q1130395
Q3292215,Q6894320
Q3292215,Q780886
Q3292215,Q541316
Q3292215,Q3498926
Q895690,Q1130297
Q895690,Q1140578
Q895690,Q842770
Q895690,Q2309994
Q895690,Q670439
Q1114685,Q228936
Q1114685,Q836503
Q1114685,Q1055299
Q1114685,Q670439
Q1114685,Q183081
Q1114685,Q108006
Q1114685,Q839341
Q1114685,Q263460
Q1114685,Q844506
Q280918,Q156394
Q1094828,Q2923057
Q1094828,Q1471937
Q1094828,Q4692983
Q1094828,Q2737320
Q1094828,Q604533
Q1094828,Q2737200
Q1094828,Q6810921
Q1043354,Q1043347
Q1043354,Q932865
Q1043354,Q3628772
Q1043354,Q3879602
Q1043354,Q2557129
Q1043354,Q15055002
Q1043354,Q1221922
Q1043354,Q653672
Q1043354,Q916747
Q1043354,Q10719576
Q1043354,Q38410
Q1043354,Q826519
Q1076823,Q2054362
Q1076823,Q1471937
Q1076823,Q330468
Q1076823,Q1759650
Q1076823,Q162277
Q4692983,Q7562756
Q4692983,Q603082
Q4692983,Q1193810
Q4692983,Q1471937
Q1534510,Q1157491
Q1534510,Q1140578
Q1534510,Q219424
Q1534510,Q673486
Q1534510,Q842720
Q1534510,Q1167579
Q1534510,Q1350521
Q1534510,Q494722
Q1534510,Q1125442
Q1534510,Q161400
Q1534510,Q839434
Q1534510,Q241085
Q1534510,Q1124080
Q1042705,Q919261
Q1042705,Q919388
Q1042705,Q919242
Q4661594,Q283481
Q4661594,Q2054362
Q1140605,Q170035
Q1140605,Q108006
Q1140605,Q1470767
Q1140605,Q185776
Q1140605,Q267866
Q1140605,Q337747
Q1140605,Q726294
Q1140605,Q478626
Q1109255,Q1471937
Q1109255,Q1433549
Q1109255,Q3157001
Q1109255,Q603082
Q1109255,Q780886
Q1109255,Q1326725
Q1109255,Q1166556
Q1109255,Q4662707
Q1109255,Q3765015
Q1109255,Q2820108
Q1109255,Q6810921
Q1109255,Q1759650
Q1109255,Q1964153
Q1109255,Q1060293
Q1109255,Q1043614
Q7929598,Q760266
Q7929598,Q3765015
Q26212366,Q25397018
Q26212366,Q26217722
Q26212366,Q26217860
Q26212366,Q2562124
Q1166556,Q780886
Q1166556,Q603082
Q1166556,Q2923057
Q4662707,Q575848
Q4662707,Q1798105
Q673486,Q372299
Q673486,Q851095
Q673486,Q913440
Q673486,Q1129381
Q673486,Q583869
Q673486,Q332334
Q673486,Q2309994
Q673486,Q1193488
Q673486,Q2819546
Q673486,Q463768
Q673486,Q797242
Q673486,Q495513
Q673486,Q165392
Q673486,Q833299
Q673486,Q241085
Q26212190,Q26212176
Q26212190,Q26212177
Q26212190,Q26212310
Q26212190,Q963420
Q26212190,Q1750576
Q26212190,Q26155830
Q26212190,Q26212149
Q26212190,Q25239316
Q462418,Q575848
Q462418,Q833299
Q462418,Q1127709
Q462418,Q219424
Q462418,Q1140439
Q462418,Q108006
Q462418,Q494722
Q462418,Q913440
Q462418,Q1206261
Q462418,Q746574
Q462418,Q918380
Q462418,Q1141460
Q1043361,Q1084677
Q1043361,Q932865
Q1043361,Q3628759
Q1043361,Q25932055
Q1043361,Q1094686
Q1043361,Q26218913
Q156394,Q157044
Q156394,Q1123621
Q156394,Q1056853
Q156394,Q483166
Q156394,Q603448
Q156394,Q584766
Q156394,Q591556
Q156394,Q1216898
Q156394,Q833299
Q156394,Q1129227
Q156394,Q1139794
Q156394,Q478748
Q1043405,Q1067796
Q1043405,Q25927636
Q1043405,Q3879621
Q1043405,Q596094
Q1043405,Q769467
Q1043405,Q25991452
Q1043405,Q25927635
Q1043405,Q7656686
Q463832,Q267018
Q463832,Q263460
Q463832,Q157044
Q463832,Q270351
Q463832,Q1084074
Q463832,Q583869
Q463832,Q160618
Q463832,Q839596
Q463832,Q848785
Q1043347,Q853049
Q1043347,Q830711
Q1043347,Q1432289
Q1043347,Q653672
Q1043347,Q3879643
Q1043347,Q2065523
Q1043347,Q571263
Q1043347,Q584030
Q1043347,Q947691
Q3513763,Q2303578
Q3513763,Q2157561
Q3513763,Q972253
Q3513763,Q1339098
Q348714,Q2070431
Q348714,Q2070048
Q1130297,Q270410
Q1130297,Q1346982
Q1130297,Q1199839
Q1130297,Q161087
Q1130297,Q173585
Q1130297,Q833566
Q1130297,Q670439
Q1130297,Q142292
Q1130297,Q185776
Q1130297,Q185376
Q1130297,Q797242
Q1130297,Q1519049
Q1130297,Q854589
Q1130297,Q1140762
Q1084074,Q267018
Q1084074,Q220299
Q1084074,Q498910
Q1084074,Q165325
Q1084074,Q1125384
Q1084074,Q166262
Q1084074,Q270351
Q1084074,Q836821
Q1084074,Q294641
Q1084074,Q1129069
Q1084074,Q841476
Q1084074,Q578873
Q1084074,Q337747
Q1084074,Q1125442
Q1084074,Q478748
Q337747,Q108543
Q337747,Q322206
Q337747,Q740528
Q337747,Q1139794
Q337747,Q270215
Q337747,Q913440
Q337747,Q478626
Q337747,Q164813
Q337747,Q842073
Q337747,Q1167579
Q337747,Q495513
Q337747,Q720357
Q144483,Q6894320
Q144483,Q844068
Q144483,Q165817
Q144483,Q159638
Q144483,Q1427521
Q144483,Q494722
Q144483,Q228936
Q144483,Q160618
Q144483,Q836821
Q144483,Q842770
Q26220718,Q25396733
Q26220718,Q26218171
Q26220718,Q2268043
Q26220718,Q1360895
Q26220718,Q7500840
Q26220718,Q372925
Q26220718,Q334901
Q26220718,Q736527
Q1005771,Q914969
Q1005771,Q3998587
Q1005771,Q3998591
Q1005771,Q824803
Q1005771,Q1028699
Q1005771,Q65242363
Q7187334,Q6894320
Q7187334,Q2698933
Q7187334,Q2054362
Q26219852,Q26219855
Q26219852,Q26219849
Q26219852,Q26219848
Q372299,Q858467
Q372299,Q2355815
Q372299,Q185776
Q372299,Q108006
Q372299,Q591556
Q372299,Q1470767
Q372299,Q303862
Q372299,Q1519049
Q372299,Q267866
Q372299,Q844068
Q372299,Q471720
Q372299,Q270410
Q556967,Q1123479
Q556967,Q269912
Q1064571,Q1202526
Q1064571,Q1421581
Q1064571,Q7400309
Q1064571,Q1077323
Q1064571,Q577260
Q1064571,Q1005322
Q1064571,Q1005363
Q1064571,Q1005614
Q1064571,Q10466400
Q604533,Q678761
Q604533,Q2923057
Q604533,Q2054362
Q604533,Q1471937
Q604533,Q1326725
Q604533,Q6894320
Q1167579,Q1089281
Q1167579,Q1129381
Q1167579,Q142292
Q1167579,Q183081
Q1167579,Q842720
Q26212275,Q26213160
Q26212275,Q26213159
Q26212275,Q26213161
Q26212275,Q2071238
Q26212275,Q2352927
Q3157001,Q6810921
Q3157001,Q603082
Q3157001,Q2698933
Q3157001,Q4899703
Q3157001,Q11055371
Q3157001,Q283481
Q3157001,Q1537562
Q3157001,Q1193810
Q3157001,Q684470
Q3157001,Q780886
Q3157001,Q1129227
Q3765015,Q1193810
Q3765015,Q2698933
Q3765015,Q3111799
Q309214,Q294641
Q309214,Q182763
Q4480654,Q575848
Q4480654,Q901213
Q4480654,Q1476272
Q4480654,Q1139794
Q26212310,Q26212176
Q26212310,Q26212177
Q26212310,Q25239314
Q26212310,Q26155833
Q26212310,Q26212144
Q26212310,Q26155829
Q26212310,Q26212149
Q26212310,Q921100
Q26212310,Q11883936
Q26212310,Q576599
Q26219853,Q26219855
Q26219853,Q26212162
Q1064381,Q628945
Q1064381,Q2362858
Q1064381,Q3879615
Q1064381,Q3628767
Q1064381,Q3561230
Q1064381,Q5448040
Q1123479,Q166262
Q1123479,Q159690
Q1123479,Q151898
Q1123479,Q142292
Q1123479,Q844506
Q1123479,Q726294
Q1123479,Q1129534
Q1074032,Q1543028
Q1074032,Q300842
Q1074032,Q1216898
Q1074032,Q157044
Q2054362,Q678761
Q2054362,Q7562756
Q2054362,Q7258343
Q2054362,Q4802580
Q2054362,Q905417
Q2054362,Q1193810
Q2054362,Q2737200
Q2054362,Q1433549
Q2054362,Q780886
Q2054362,Q1326725
Q2054362,Q852075
Q334901,Q2353533
Q334901,Q2254560
Q334901,Q1137721
Q334901,Q5395306
Q334901,Q2353475
Q334901,Q1346374
Q334901,Q2268043
Q334901,Q5644525
Q332673,Q2000524
Q332673,Q31844
Q332673,Q2070058
Q2923057,Q1471937
Q2923057,Q3111799
Q2923057,Q1723681
Q2923057,Q2698933
Q2923057,Q7258343
Q1005722,Q1346374
Q1005722,Q7500832
Q1005722,Q2254560
Q1005722,Q25396733
Q1005722,Q4354615
Q1005722,Q1005606
Q1005722,Q26219824
Q1005722,Q1005423
Q1005722,Q5395306
Q1042441,Q18449954
Q1042441,Q3879761
Q1042441,Q1084677
Q1042441,Q2306535
Q11055371,Q3111799
Q11055371,Q4899703
Q11055371,Q1427204
Q26219865,Q26218274
Q26219865,Q26218913
Q26219865,Q26218320
Q2737320,Q603082
Q2737320,Q780886
Q2737320,Q1193810
Q2737320,Q728404
Q1698939,Q494722
Q1064410,Q635823
Q1064410,Q548072
Q1064410,Q825088
Q1064410,Q3628761
Q7562756,Q4802580
Q7562756,Q7258343
Q7562756,Q1723681
Q670439,Q272064
Q670439,Q583869
Q670439,Q229599
Q670439,Q858467
Q670439,Q183081
Q670439,Q2819546
Q670439,Q726294
Q670439,Q811023
Q670439,Q161400
Q670439,Q1141111
Q670439,Q1138936
Q26219855,Q26219848
Q26219855,Q26219849
Q653056,Q463768
Q653056,Q848785
Q653056,Q1124080
Q653056,Q229599
Q653056,Q220299
Q653056,Q583869
Q653056,Q1964153
Q653056,Q754892
Q653056,Q839434
Q653056,Q841203
Q1051974,Q1156706
Q1051974,Q2570052
Q1051974,Q1156695
Q26212177,Q26212176
Q26212177,Q1192124
Q26212177,Q1997032
Q26212177,Q955487
Q26212177,Q26212144
Q26212177,Q26155830
Q26212177,Q26155829
Q1723681,Q1193810
Q1723681,Q1798105
Q1723681,Q2737200
Q1723681,Q760266
Q26213159,Q26213160
Q26213159,Q2353351
Q26213159,Q2071238
Q4899703,Q852075
Q368950,Q2566720
Q368950,Q7400346
Q368950,Q1001497
Q2820108,Q603082
Q2820108,Q1473878
Q1750698,Q164963
Q1750698,Q185079
Q1156648,Q1127281
Q1156648,Q232219
Q1156648,Q1124980
Q1156648,Q3107519
Q1156648,Q1130395
Q1156648,Q300439
Q1156648,Q1192874
Q3111799,Q2698933
Q3111799,Q760266
Q3111799,Q1393668
Q7137311,Q603448
Q7137311,Q163549
Q2355815,Q303862
Q2355815,Q498442
Q2355815,Q332334
Q2355815,Q1058555
Q2355815,Q1519049
Q2355815,Q250912
Q142292,Q841515
Q142292,Q836503
Q142292,Q834021
Q142292,Q836821
Q142292,Q183081
Q142292,Q478626
Q142292,Q580716
Q142292,Q1756560
Q142292,Q309621
Q142292,Q300842
Q142292,Q160618
Q142292,Q754745
Q142292,Q165394
Q142292,Q272064
Q1067409,Q269912
Q1067409,Q165392
Q1067409,Q164813
Q1067409,Q841476
Q1067409,Q157044
Q1543028,Q754745
Q1543028,Q1089281
Q7258343,Q678761
Q7258343,Q4802580
Q7258343,Q330468
Q7258343,Q162277
Q199884,Q263663
Q283481,Q1798105
Q283481,Q760266
Q283481,Q2819546
Q283481,Q330468
Q283481,Q1043614
Q1756560,Q2529557
Q1756560,Q844068
Q1756560,Q1125442
Q1756560,Q494722
Q1756560,Q165817
Q1756560,Q166262
Q1756560,Q478748
Q1756560,Q726294
Q1756560,Q901213
Q1756560,Q156911
Q901213,Q1124080
Q901213,Q844068
Q901213,Q918380
Q901213,Q1056853
Q901213,Q726294
Q901213,Q1125442
Q901213,Q580716
Q901213,Q164417
Q901213,Q1129227
Q1005719,Q763031
Q1005719,Q2268100
Q1005719,Q962842
Q1005719,Q3879574
Q1005719,Q775967
Q1005719,Q7500834
Q1005719,Q7500849
Q1005719,Q7500771
Q1005719,Q10466400
Q2171744,Q575848
Q2171744,Q164804
Q1537071,Q219424
Q1537071,Q1130395
Q1192874,Q499535
Q1192874,Q165817
Q1192874,Q1206261
Q1798105,Q1433549
Q1798105,Q780886
Q1798105,Q330468
Q603448,Q833299
Q603448,Q1124080
Q603448,Q270410
Q603448,Q810012
Q603448,Q1141460
Q603448,Q162277
Q603448,Q811023
Q603448,Q160618
Q603448,Q1470767
Q603448,Q684470
Q603448,Q1129069
Q603448,Q165392
Q603448,Q157044
Q603448,Q1139794
Q603448,Q1127709
Q1148499,Q151898
Q1148499,Q272064
Q1148499,Q844883
Q1148499,Q810012
Q1148499,Q310960
Q1157491,Q472361
Q6810921,Q1427204
Q6810921,Q678761
Q6810921,Q1043614
Q6810921,Q1130395
Q16156200,Q584766
Q2392216,Q1141457
Q2392216,Q583869
Q2392216,Q472165
Q2392216,Q300439
Q2392216,Q164813
Q2392216,Q159638
Q898721,Q478212
Q898721,Q851095
Q898721,Q162729
Q898721,Q165392
Q898721,Q839341
Q898721,Q1216898
Q1089283,Q1089281
Q151898,Q160560
Q151898,Q842770
Q151898,Q164417
Q151898,Q160215
Q151898,Q167726
Q151898,Q263460
Q151898,Q841476
Q3107519,Q841203
Q3107519,Q728404
Q3107519,Q841515
Q3107519,Q858467
Q300439,Q1480747
Q300439,Q270351
Q300439,Q498867
Q300439,Q841203
Q300439,Q583869
Q300439,Q754745
Q300439,Q1141252
Q300439,Q183081
Q300439,Q580716
Q300439,Q185248
Q300439,Q1537562
Q300439,Q1180839
Q300439,Q1055299
Q300439,Q684470
Q300439,Q913440
Q300439,Q851095
Q300439,Q1124875
Q300439,Q483941
Q4802580,Q603082
Q4802580,Q1759650
Q2900179,Q1125451
Q2900179,Q270351
Q2900179,Q1141252
Q2900179,Q575848
Q2900179,Q483941
Q2900179,Q1004968
Q185248,Q321561
Q185248,Q167726
Q185248,Q1199839
Q185248,Q169082
Q1537562,Q575848
Q1537562,Q2819546
Q1537562,Q908982
Q1750589,Q1750583
Q1750589,Q1750592
Q1750589,Q906854
Q1750589,Q7979977
Q1750589,Q1750579
Q1750589,Q7979985
Q1750589,Q7979975
Q25991462,Q2269716
Q25991462,Q25991461
Q25991462,Q25991451
Q25991462,Q1076347
Q25991462,Q65242359
Q1077323,Q1005614
Q1077323,Q1202526
Q1077323,Q1203058
Q497491,Q2361588
Q497491,Q782722
Q497491,Q2332511
Q1565131,Q1377439
Q1565131,Q975449
Q1565131,Q2022221
Q2171151,Q2358254
Q2171151,Q2358274
Q2171151,Q2550697
Q107861717,Q107802335
Q107861717,Q107861699
Q107861717,Q107861704
Q107861717,Q14643126
Q107861717,Q905659
Q107861717,Q1005041
Q544177,Q2557141
Q544177,Q3879587
Q544177,Q249265
Q544177,Q7656694
Q544177,Q3628765
Q544177,Q3879621
Q544177,Q3879563
Q539696,Q2494175
Q26218171,Q25991459
Q26218171,Q922361
Q26218171,Q4471528
Q26218171,Q628945
Q26218171,Q4903025
Q26218171,Q3899246
Q656724,Q259965
Q656724,Q22964428
Q656724,Q1221867
Q656724,Q1005486
Q656724,Q578012
Q656724,Q613470
Q7372006,Q7372003
Q7372006,Q7372002
Q7372006,Q1076288
Q7372006,Q2460802
Q7372006,Q17515790
Q7372006,Q22964444
Q7372006,Q2557141
Q7372006,Q17515791
Q7372006,Q7371997
Q7372006,Q7371994
Q370708,Q651065
Q370708,Q385563
Q370708,Q1194982
Q370708,Q975449
Q2570052,Q38594
Q2570052,Q632742
Q2570052,Q2570158
Q2570052,Q2570149
Q2570052,Q1143843
Q2570052,Q25386262
Q7400301,Q7400296
Q7400301,Q7400299
Q7400301,Q7400297
Q7400301,Q7400302
Q7400301,Q7400300
Q7400301,Q7400298
Q7400301,Q7400323
Q2070431,Q2070048
Q2070431,Q2070058
Q1573389,Q7400314
Q1573389,Q7400306
Q1573389,Q1408846
Q2563908,Q2563927
Q2563908,Q2564420
Q2563908,Q2558792
Q2563908,Q2341653
Q18391270,Q22964429
Q18391270,Q22964428
Q18391270,Q2460802
Q18391270,Q17515791
Q18391270,Q1004968
Q18391270,Q25991451
Q18391270,Q3879597
Q22964432,Q22964437
Q22964432,Q22964435
Q22964432,Q22964440
Q22964432,Q1067970
Q22964432,Q5443144
Q22964432,Q22964443
Q22964432,Q22964439
Q22964432,Q2329168
Q25991452,Q1005036
Q25991452,Q579227
Q25991452,Q684586
Q25991452,Q38412
Q25991452,Q1408876
Q25991452,Q25932055
Q25991452,Q1005018
Q7400304,Q7400305
Q7400304,Q7400311
Q7400304,Q7400314
Q7400304,Q4088891
Q7400304,Q15055036
Q7400304,Q5644525
Q7372003,Q16968702
Q7372003,Q7371999
Q7372003,Q7372002
Q7372003,Q7372001
Q7372003,Q7371998
Q7372003,Q634029
Q7372003,Q1005213
Q7372003,Q3879563
Q7372003,Q1005212
Q7372003,Q7372009
Q1439757,Q3628691
Q1439757,Q3628680
Q1439757,Q3628688
Q1439757,Q1408869
Q1439757,Q1426735
Q1439757,Q1408920
Q1439757,Q5198381
Q1439757,Q1408881
Q1439757,Q3628684
Q1573400,Q3628685
Q1573400,Q3628697
Q1573400,Q3628691
Q526367,Q919242
Q526367,Q1005434
Q526367,Q2390636
Q526367,Q919388
Q1066796,Q260204
Q1066796,Q1067077
Q1066796,Q704595
Q1066796,Q1067970
Q25932069,Q25932068
Q25932069,Q25932075
Q25932069,Q25932055
Q25932069,Q2026292
Q25932069,Q3879588
Q25932069,Q25932666
Q25932069,Q1094686
Q25932069,Q25991461
Q25932069,Q3879622
Q25932069,Q25863642
Q25932069,Q25991459
Q25932069,Q25991464
Q25932069,Q15056095
Q25932069,Q15054994
Q25932069,Q3879628
Q25932069,Q3628763
Q25932069,Q3879613
Q25932069,Q3628767
Q602540,Q1194001
Q602540,Q1089565
Q602540,Q1193987
Q602540,Q3879667
Q602540,Q3879647
Q25863642,Q25932055
Q25863642,Q25932075
Q25863642,Q2070029
Q25863642,Q3879602
Q25863642,Q1094667
Q25863642,Q25991463
Q25863642,Q5443144
Q25863642,Q3879608
Q25863642,Q1408869
Q2570149,Q647742
Q2570149,Q25386268
Q2570149,Q599412
Q2570149,Q2570158
Q2570149,Q25386262
Q47309900,Q47309929
Q47309900,Q47309816
Q47309900,Q3628773
Q22964430,Q22964427
Q22964430,Q22964420
Q22964430,Q22964428
Q22964430,Q22964425
Q22964430,Q22964429
Q22964430,Q22964444
Q22964430,Q22964423
Q1560063,Q2022221
Q1560063,Q1304082
Q1560063,Q737066
Q1560063,Q2022115
Q1560063,Q162056
Q7400296,Q7400299
Q7400296,Q7400316
Q7400296,Q7400306
Q7400296,Q7400311
Q7400296,Q7400297
Q7400296,Q7400312
Q7400296,Q7400320
Q7400296,Q7400300
Q7400296,Q7400298
Q7400296,Q7400309
Q7400296,Q7400308
Q7400296,Q7400302
Q7372011,Q7372002
Q7372011,Q7372007
Q7372011,Q7371999
Q7372011,Q22964423
Q7372011,Q22964457
Q26212154,Q26208513
Q26212154,Q26208316
Q26212154,Q26208276
Q26212154,Q26208602
Q26212154,Q26212152
Q2070029,Q2026292
Q2070029,Q25932075
Q2070029,Q3628680
Q2070029,Q3879602
Q2070029,Q1076347
Q2070029,Q1094667
Q2070029,Q7656727
Q2070029,Q65235579
Q2070029,Q2362858
Q2070029,Q3628772
Q17063531,Q7656713
Q17063531,Q7656707
Q17063531,Q7656681
Q17063531,Q3879608
Q17063531,Q17063534
Q17063531,Q3879573
Q47309816,Q1004871
Q47309816,Q1005190
Q47309816,Q1005192
Q47309816,Q47309990
Q26155833,Q26155834
Q26155833,Q25927634
Q26155833,Q31843476
Q26155833,Q3879648
Q26155833,Q15056225
Q26155833,Q26212145
Q522820,Q607576
Q522820,Q1005244
Q522820,Q771886
Q522820,Q1004861
Q26212159,Q26219830
Q26212159,Q26212160
Q26212159,Q26219847
Q2070048,Q2070058
Q2071238,Q2352927
Q2071238,Q2352412
Q2071238,Q2353351
Q2071238,Q26213160
Q107802331,Q107861696
Q107802331,Q107861706
Q107802331,Q1222092
Q107802331,Q921409
Q676513,Q498867
Q676513,Q1480747
Q676513,Q478748
Q676513,Q160560
Q1067796,Q25927636
Q1067796,Q25927635
Q1067796,Q3628683
Q1067796,Q3628761
Q1067796,Q1439291
Q1067796,Q5198382
Q1067796,Q3879614
Q1067796,Q3879600
Q26212148,Q26212145
Q26212148,Q26212149
Q26212148,Q2557145
Q26212148,Q1372090
Q26212148,Q26212147
Q26212148,Q26212146
Q2022105,Q2022115
Q2022105,Q1304082
Q2022105,Q1133965
Q2022105,Q1570183
Q2022105,Q927660
Q2022105,Q536083
Q603505,Q1193966
Q603505,Q1089565
Q603505,Q2071266
Q603505,Q25991459
Q603505,Q1076376
Q603505,Q3879564
Q2566720,Q1001497
Q2566720,Q2564420
Q2566720,Q2563962
Q2566720,Q7400339
Q526698,Q267771
Q526698,Q936086
Q526698,Q25991449
Q526698,Q1115025
Q526698,Q25991447
Q526698,Q4786049
Q526698,Q3879585
Q1997551,Q241789
Q1997551,Q2196657
Q1997551,Q729339
Q1997551,Q906854
Q1997551,Q7979997
Q383513,Q906128
Q383513,Q917217
Q383513,Q843860
Q383513,Q2318836
Q383513,Q1222176
Q383513,Q488601
Q383513,Q1221927
Q2026292,Q1094667
Q2026292,Q25932666
Q2026292,Q1193987
Q2026292,Q548072
Q2026292,Q905561
Q2026292,Q249265
Q1192124,Q963420
Q1192124,Q1095367
Q1192124,Q1092809
Q1192124,Q1065640
Q1192124,Q1139399
Q1856784,Q2426715
Q1856784,Q3001459
Q1856784,Q3628782
Q1856784,Q541316
Q1856784,Q1005810
Q1856784,Q1444605
Q1856784,Q2212666
Q1856784,Q15055009
Q1856784,Q2297686
Q1856784,Q2526348
Q508776,Q1004896
Q508776,Q729339
Q508776,Q1004861
Q508776,Q2196657
Q508776,Q771886
Q508776,Q963420
Q65242336,Q65242331
Q65242336,Q65242345
Q65242336,Q752413
Q65242336,Q829370
Q65242336,Q840683
Q65242336,Q1439338
Q65242336,Q2313511
Q26212150,Q26212149
Q26212150,Q26212176
Q26212150,Q241789
Q26212150,Q1371783
Q26212150,Q1004896
Q26212150,Q26212147
Q2065523,Q2133123
Q2065523,Q2318836
Q2065523,Q1421581
Q2065523,Q947691
Q2065523,Q1432289
Q2065523,Q586729
Q2065523,Q1422131
Q2065523,Q2310230
Q580474,Q2329168
Q580474,Q577260
Q580474,Q5448040
Q580474,Q1067970
Q578012,Q259965
Q578012,Q825058
Q578012,Q372925
Q578012,Q251465
Q578012,Q629871
Q578012,Q531844
Q578012,Q1004892
Q578012,Q38594
Q578012,Q843851
Q578012,Q946243
Q578012,Q988351
Q578012,Q988367
Q578012,Q15703663
Q578012,Q1433101
Q578012,Q523492
Q1444605,Q1407627
Q1444605,Q1408906
Q1444605,Q1408846
Q1444605,Q128040
Q1444605,Q15055009
Q1444605,Q1408881
Q2071266,Q25991464
Q2071266,Q1193966
Q2071266,Q3879562
Q2071266,Q1076376
Q2071266,Q25932075
Q2071266,Q1222646
Q2071266,Q3879603
Q17033536,Q7500784
Q17033536,Q7500785
Q17033536,Q7500771
Q17033536,Q3628761
Q17033536,Q677027
Q17033536,Q7500816
Q17033536,Q2268100
Q17033536,Q3899244
Q17033536,Q1405425
Q379473,Q938791
Q379473,Q850209
Q379473,Q1004871
Q379473,Q1005189
Q379473,Q1005190
Q379473,Q905485
Q727674,Q3879564
Q727674,Q3879572
Q727674,Q3879569
Q727674,Q17063534
Q727674,Q1067772
Q727674,Q2557129
Q727674,Q3879596
Q836503,Q834021
Q836503,Q304074
Q15056263,Q3925465
Q15056263,Q3925466
Q15056263,Q3925471
Q7400300,Q7400299
Q7400300,Q7400307
Q7400300,Q7400297
Q7400300,Q7400302
Q7400300,Q7400317
Q7400300,Q7400323
Q65242164,Q65242200
Q65242164,Q1066390
Q65242164,Q2558525
Q65242164,Q1426809
Q65242164,Q2557677
Q65242164,Q4786037
Q65242164,Q922361
Q65242164,Q26860
Q65242164,Q1005286
Q65242164,Q15056224
Q65242164,Q823675
Q734628,Q952970
Q734628,Q746397
Q734628,Q1005811
Q734628,Q988361
Q734628,Q843851
Q734628,Q2313564
Q734628,Q662184
Q734628,Q917747
Q734628,Q1005277
Q26212147,Q26212145
Q26212147,Q1371783
Q26212147,Q1997032
Q26212147,Q26212144
Q2212666,Q1004924
Q2212666,Q2426715
Q609985,Q24906792
Q609985,Q727488
Q727687,Q1028699
Q727687,Q3879581
Q727687,Q1130659
Q727687,Q7656684
Q727687,Q3879660
Q727687,Q2558493
Q727687,Q875653
Q727687,Q26860
Q727687,Q936086
Q727687,Q3628765
Q727687,Q2552272
Q107802335,Q107861699
Q107802335,Q107861704
Q107802335,Q1005041
Q107802335,Q583869
Q107802335,Q107861696
Q107802335,Q610603
Q107802335,Q14643126
Q107802335,Q906128
Q107802335,Q15056067
Q107802335,Q280553
Q107802335,Q3628764
Q107802335,Q1005365
Q107802335,Q256529
Q2133123,Q2774005
Q2133123,Q2426715
Q2133123,Q3628779
Q2133123,Q128040
Q26218913,Q26218274
Q26218913,Q26218320
Q26218913,Q962650
Q26218913,Q942846
Q26218913,Q4354074
Q26218913,Q1137721
Q22964428,Q22964421
Q22964428,Q22964425
Q22964428,Q22964422
Q22964428,Q22964429
Q22964428,Q22964454
Q22964428,Q22964457
Q22964428,Q3194709
Q22964428,Q22964427
Q22964421,Q22964422
Q22964421,Q22964419
Q22964421,Q22964424
Q22964427,Q22964420
Q22964427,Q22964442
Q22964427,Q22964443
Q635304,Q1202770
Q635304,Q2297621
Q635304,Q1202526
Q635304,Q1005322
Q635304,Q2070832
Q25927636,Q25927635
Q25927636,Q824803
Q25927636,Q1028699
Q25927636,Q7400328
Q25927636,Q975449
Q25991454,Q1005040
Q25991454,Q1005018
Q25991454,Q905503
Q25991454,Q25991455
Q7372004,Q7371997
Q7372004,Q7371998
Q7372004,Q7372001
Q7372004,Q22964449
Q7372004,Q7372007
Q7372004,Q7372009
Q7372004,Q22964437
Q7372004,Q22964453
Q684586,Q595055
Q684586,Q1439249
Q684586,Q3628792
Q684586,Q2463752
Q684586,Q2313564
Q684586,Q3628773
Q684586,Q1408876
Q684586,Q25991455
Q684586,Q3001407
Q684586,Q853003
Q684586,Q1426854
Q684586,Q1426826
Q684586,Q843851
Q684586,Q3628689
Q684586,Q3628761
Q684586,Q3628705
Q684586,Q3628764
Q684586,Q3628754
Q684586,Q3879616
Q684586,Q1408852
Q684586,Q3628778
Q684586,Q26860
Q25932068,Q25932075
Q25932068,Q3628763
Q25932068,Q1193982
Q25932068,Q2313552
Q25932068,Q1076253
Q25932068,Q3879598
Q25932068,Q2306535
Q22964424,Q22964420
Q22964424,Q22964422
Q1184283,Q1131387
Q1184283,Q1067077
Q1184283,Q260204
Q1184283,Q2618235
Q1184283,Q26218320
Q1184283,Q8979743
Q1184283,Q19819174
Q1184283,Q2328217
Q1184283,Q3879667
Q1184283,Q1004935
Q332334,Q1427521
Q332334,Q483941
Q332334,Q167726
Q332334,Q839434
Q332334,Q156911
Q332334,Q160618
Q1067970,Q260204
Q1067970,Q1067077
Q1067970,Q5443144
Q1067970,Q3879662
Q1067970,Q2329168
Q1067970,Q1005660
Q26208276,Q26208513
Q26208276,Q26208316
Q26208276,Q26218607
Q26208276,Q26212151
Q26208276,Q26218608
Q2309994,Q841476
Q2309994,Q844068
Q2309994,Q2529557
Q2309994,Q1129381
Q2309994,Q1476272
Q2309994,Q1768470
Q2309994,Q220299
Q2309994,Q494722
Q2309994,Q1199839
Q2309994,Q1127184
Q2309994,Q272064
Q26218605,Q26218608
Q26218605,Q26212151
Q26218605,Q26218607
Q17018014,Q5198382
Q17018014,Q1421749
Q17018014,Q3561232
Q17018014,Q1156252
Q17018014,Q3561235
Q17018014,Q5198390
Q17018014,Q3561228
Q65235550,Q65235557
Q65235550,Q65235579
Q7400311,Q7400314
Q7400311,Q7400305
Q7400311,Q7400312
Q7400311,Q7400309
Q7400311,Q7400320
Q7400311,Q7400316
Q7400311,Q7400306
Q7400311,Q7400319
Q7400311,Q7400318
Q7400311,Q7400313
Q1095367,Q963420
Q1095367,Q955487
Q1095367,Q1065640
Q1095367,Q25239314
Q574129,Q2563992
Q7372002,Q7371999
Q7372002,Q7372007
Q7372002,Q7371994
Q22964423,Q22964420
Q22964423,Q609385
Q26217722,Q26217860
Q26217722,Q25397018
Q26217722,Q977229
Q1194001,Q1089565
Q1194001,Q240257
Q1194001,Q3628680
Q2025976,Q2430785
Q2025976,Q737732
Q2025976,Q2451718
Q1139399,Q905493
Q1139399,Q2557145
Q1139399,Q955487
Q1139399,Q1997032
Q1139399,Q1371783
Q1139399,Q1750582
Q1139399,Q1065640
Q1139399,Q1004896
Q1139399,Q7979998
Q600157,Q1005235
Q600157,Q1005260
Q600157,Q571174
Q600157,Q1005237
Q600157,Q1005294
Q600157,Q1005272
Q257545,Q2463752
Q257545,Q853003
Q257545,Q766954
Q257545,Q26860
Q257545,Q26218947
Q257545,Q2313564
Q257545,Q38412
Q257545,Q4443767
Q257545,Q220855
Q257545,Q917323
Q257545,Q15055081
Q25932666,Q25991459
Q25932666,Q25991466
Q25932666,Q25991461
Q25932666,Q3879619
Q25932666,Q1110152
Q17063534,Q7656720
Q17063534,Q7656707
Q17063534,Q7656727
Q17063534,Q1067772
Q17063534,Q7656705
Q17063534,Q1076244
Q17063534,Q571263
Q17063534,Q7656713
Q17063534,Q7656719
Q17063534,Q3879625
Q17063534,Q3879613
Q17063534,Q3628779
Q17063534,Q3879618
Q17063534,Q3879647
Q17063534,Q3879659
Q1750582,Q1750716
Q1750582,Q1750578
Q1750582,Q906859
Q1750582,Q1750591
Q1750582,Q7979998
Q1750582,Q7980006
Q17515791,Q17515790
Q17515791,Q22964458
Q17515791,Q22964455
Q17515791,Q7371994
Q17515791,Q22964444
Q17515791,Q2460802
Q26218947,Q25991451
Q26218947,Q1004892
Q26218947,Q905555
Q26218947,Q659097
Q26218947,Q1439338
Q26218947,Q25991455
Q26218947,Q1130659
Q26218947,Q25991456
Q26218947,Q249265
Q26218947,Q10495989
Q2563992,Q2562124
Q2563992,Q737732
Q2563992,Q2451718
Q2563992,Q977229
Q7372009,Q2774005
Q7372009,Q7372001
Q7372009,Q1222549
Q7372009,Q1222543
Q374871,Q1067383
Q374871,Q1337042
Q374871,Q4786044
Q374871,Q4786037
Q374871,Q4786050
Q374871,Q4786038
Q374871,Q1360866
Q374871,Q7500750
Q374871,Q7500743
Q374871,Q7500748
Q374871,Q903679
Q2022221,Q162056
Q2022221,Q2022215
Q26212176,Q7980006
Q26212176,Q1997032
Q26212176,Q26155830
Q26212176,Q26155829
Q26212176,Q26212149
Q571174,Q1005260
Q571174,Q1005235
Q571174,Q1005237
Q571174,Q1005294
Q571174,Q1005272
Q2022115,Q1570183
Q2022115,Q1133965
Q65242363,Q65242359
Q65242363,Q2443986
Q65242363,Q988372
Q65242363,Q670039
Q1538902,Q161087
Q1538902,Q164963
Q1538902,Q1476272
Q1538902,Q841515
Q1750592,Q1750595
Q1750592,Q1750576
Q1750592,Q679870
Q1750592,Q4820134
Q1750592,Q4467907
Q1750592,Q3390067
Q1750592,Q1750583
Q1750592,Q7979984
Q1750592,Q7979995
Q1750592,Q4467910
Q571263,Q848655
Q571263,Q916711
Q571263,Q843851
Q571263,Q3879643
Q571263,Q595962
Q571263,Q776835
Q15703663,Q988369
Q15703663,Q1004985
Q15703663,Q691742
Q15703663,Q826510
Q15703663,Q988374
Q15703663,Q1004936
Q15703663,Q1005044
Q613571,Q15052014
Q613571,Q906128
Q613571,Q14643126
Q22964422,Q22964419
Q22964422,Q22964425
Q22964422,Q22964437
Q2051400,Q2269716
Q2051400,Q3879593
Q2051400,Q25991448
Q2051400,Q769467
Q6894320,Q2698933
Q6894320,Q780886
Q6894320,Q1326725
Q6894320,Q603082
Q6894320,Q2737200
Q595972,Q782429
Q595972,Q848696
Q17515790,Q22964458
Q17515790,Q7371999
Q17515790,Q7371998
Q17515790,Q7371997
Q17515790,Q634029
Q17515790,Q7371994
Q17515790,Q2460802
Q17515790,Q2455198
Q17515790,Q22964455
Q1759650,Q1060293
Q1759650,Q780886
Q1759650,Q2698933
Q1759650,Q330468
Q593761,Q848291
Q593761,Q3628695
Q593761,Q3628775
Q593761,Q936086
Q593761,Q3628778
Q593761,Q26860
Q593761,Q1408852
Q593761,Q65242174
Q593761,Q7500830
Q65242200,Q582514
Q65242200,Q65242174
Q65242200,Q488601
Q65242200,Q3628792
Q65242200,Q26860
Q65242200,Q259965
Q65242200,Q1130659
Q65242200,Q7500840
Q65242200,Q7979972
Q65242200,Q1426826
Q47309929,Q47309958
Q47309929,Q47309836
Q26208602,Q26208513
Q26208602,Q26208316
Q737066,Q1575430
Q737066,Q734997
Q22964434,Q22964438
Q22964434,Q22964442
Q22964434,Q22964445
Q22964434,Q25991461
Q22964434,Q970610
Q22964434,Q429621
Q628945,Q1005298
Q628945,Q2362858
Q628945,Q2377414
Q2570068,Q658704
Q2570068,Q1156715
Q26212144,Q26212149
Q26212144,Q1997032
Q26212144,Q7979998
Q26212144,Q26212145
Q107861723,Q107861726
Q107861723,Q107861714
Q107861723,Q107861710
Q107861723,Q1222186
Q107861723,Q107861706
Q1066390,Q848278
Q1066390,Q582514
Q1066390,Q1005365
Q1066390,Q1360895
Q1066390,Q1433101
Q1066390,Q943291
Q7400298,Q7400297
Q7400298,Q7400318
Q7400298,Q7400302
Q7400298,Q7400308
Q26212146,Q26212145
Q26212146,Q26155829
Q26212146,Q607576
Q26212146,Q1372090
Q26212146,Q1005244
Q26219832,Q26219830
Q26219832,Q26219831
Q26219832,Q26219847
Q17088224,Q7500779
Q17088224,Q7500768
Q17088224,Q7500745
Q17088224,Q7500793
Q17088224,Q1344366
Q17088224,Q7500764
Q17088224,Q7500762
Q47309958,Q47309990
Q47309958,Q47309836
Q198766,Q3628689
Q198766,Q3628692
Q198766,Q3628683
Q198766,Q3628687
Q198766,Q1439249
Q198766,Q3628703
Q198766,Q249265
Q198766,Q677027
Q198766,Q2303677
Q198766,Q1408897
Q198766,Q488601
Q198766,Q1438466
Q198766,Q1408852
Q198766,Q1405425
Q198766,Q2308435
Q583869,Q684470
Q583869,Q164804
Q583869,Q270410
Q583869,Q797242
Q583869,Q913440
Q583869,Q185376
Q583869,Q839434
Q583869,Q498867
Q583869,Q498910
Q583869,Q851095
Q1067077,Q260204
Q1067077,Q704595
Q25991451,Q1004892
Q25991451,Q25863624
Q25991451,Q1005157
Q25991451,Q3628697
Q25991451,Q3879597
Q25991451,Q25991455
Q25991451,Q15055036
Q25991451,Q38599
Q584030,Q1075735
Q584030,Q2308161
Q584030,Q1075752
Q584030,Q531844
Q584030,Q587012
Q584030,Q3899246
Q603082,Q678761
Q603082,Q760266
Q603082,Q780886
Q7371998,Q7371997
Q7371998,Q7372001
Q7371998,Q22964457
Q7371998,Q22964459
Q7371998,Q22964458
Q7371998,Q22964442
Q595962,Q848655
Q595962,Q384953
Q595962,Q15055028
Q595962,Q1222014
Q595962,Q1076253
Q595962,Q15055018
Q595962,Q776835
Q595962,Q916916
Q581364,Q923513
Q581364,Q1005230
Q581364,Q679802
Q581364,Q61539
Q581364,Q140244
Q26217871,Q26217896
Q26217871,Q26217865
Q26217871,Q26218599
Q26217871,Q26218598
Q20948675,Q25455359
Q25927635,Q25991449
Q25927635,Q2377414
Q25927635,Q765044
Q7400299,Q7400317
Q7400299,Q7400316
Q7400299,Q7400302
Q1137721,Q2268043
Q1137721,Q2254560
Q1137721,Q2353533
Q1137721,Q5481589
Q1137721,Q736527
Q1137721,Q4354074
Q1137721,Q7500840
Q1137721,Q26155834
Q1137721,Q7500819
Q1137721,Q782385
Q1137721,Q2268100
Q1137721,Q7500838
Q1137721,Q7500817
Q1137721,Q4786050
Q1137721,Q7500849
Q1137721,Q823675
Q26218607,Q26218608
Q547331,Q2322860
Q547331,Q22964449
Q547331,Q735286
Q547331,Q685266
Q547331,Q1222549
Q547331,Q22964453
Q26219824,Q1005423
Q26219824,Q2353523
Q26219824,Q7500810
Q26219824,Q7500830
Q26219824,Q7500739
Q26219824,Q25396733
Q26219824,Q4354615
Q26219824,Q1360866
Q1440658,Q613746
Q1440658,Q1433072
Q1440658,Q1433101
Q1440658,Q922361
Q1440658,Q25991459
Q1440658,Q5481589
Q1440658,Q963859
Q1440658,Q15055079
Q1440658,Q3628696
Q1440658,Q3628775
Q1440658,Q2313481
Q1440658,Q4088890
Q18449954,Q20670790
Q2142977,Q934172
Q2142977,Q1339098
Q2142977,Q2303578
Q2142977,Q1005272
Q7400307,Q7400305
Q7400307,Q7400306
Q7400307,Q7400322
Q7400307,Q7400323
Q7400307,Q7400316
Q7400307,Q7400309
Q7400307,Q2332511
Q7400307,Q7400317
Q7400307,Q7400324
Q2048869,Q2358214
Q2048869,Q2299006
Q2048869,Q767959
Q25991449,Q25991447
Q25991449,Q1005018
Q25991449,Q936086
Q183081,Q913440
Q183081,Q1130395
Q183081,Q165392
Q183081,Q108006
Q183081,Q1125384
Q183081,Q726294
Q183081,Q1127184
Q183081,Q1336107
Q183081,Q165394
Q183081,Q1141252
Q183081,Q842770
Q1156695,Q1156706
Q1156695,Q1137646
Q2198226,Q656634
Q2198226,Q2724464
Q2198226,Q3628786
Q2198226,Q2313564
Q2198226,Q220855
Q2198226,Q251465
Q2198226,Q7400313
Q2198226,Q3730943
Q1143843,Q599412
Q1143843,Q1156706
Q1143843,Q1439338
Q1143843,Q3628764
Q1143843,Q25386262
Q1143843,Q10572421
Q16968702,Q7372007
Q16968702,Q22964455
Q1750576,Q1750579
Q1750576,Q1750595
Q1750576,Q679870
Q1750576,Q25239316
Q1750576,Q771886
Q1750576,Q905493
Q1750576,Q15056267
Q1750576,Q906854
Q1740909,Q1206261
Q1740909,Q841476
Q1740909,Q164813
Q1740909,Q913440
Q1740909,Q1129381
Q1740909,Q1140578
Q1740909,Q1127281
Q1740909,Q270215
Q1193987,Q1193966
Q1193987,Q1089565
Q1193987,Q3879602
Q1193987,Q1094667
Q1193987,Q25991461
Q1193987,Q7656727
Q1193987,Q853040
Q1193987,Q7656719
Q1193987,Q22964438
Q1193987,Q38410
Q1193987,Q1408846
Q1193987,Q3628767
Q679870,Q1750579
Q679870,Q1750595
Q679870,Q7979987
Q679870,Q7979994
Q374383,Q840683
Q374383,Q757054
Q374383,Q841622
Q374383,Q581788
Q735286,Q2322860
Q735286,Q26860
Q735286,Q677027
Q735286,Q1426854
Q1193488,Q1055299
Q1193488,Q165325
Q2563962,Q2564420
Q2563962,Q2558792
Q2563962,Q2563927
Q2563962,Q1001497
Q1089565,Q853040
Q1089565,Q3628684
Q1089565,Q15055035
Q1089565,Q1076376
Q1089565,Q1076347
Q1089565,Q7656705
Q1089565,Q596094
Q1089565,Q1094686
Q1089565,Q1193966
Q1089565,Q1094667
Q1089565,Q659097
Q1439323,Q1439276
Q1439323,Q2318914
Q1439323,Q1426809
Q1439323,Q922361
Q1439323,Q15055079
Q1439323,Q372925
Q1439323,Q1360895
Q1439323,Q2557677
Q1439323,Q2558525
Q1439323,Q1074357
Q2563927,Q2558792
Q2563927,Q2564420
Q26212160,Q26219830
Q26212160,Q26219831
Q577260,Q3194709
Q577260,Q3951952
Q577260,Q25939
Q577260,Q4471528
Q577260,Q25162542
Q577260,Q1005351
Q26219830,Q26219847
Q26219830,Q26218466
Q26219830,Q26219831
Q2091137,Q2358274
Q2091137,Q2550697
Q2091137,Q2358254
Q220855,Q2312939
Q220855,Q2463752
Q220855,Q2558983
Q220855,Q1426702
Q220855,Q1439249
Q220855,Q754844
Q220855,Q2313564
Q220855,Q1222721
Q220855,Q25991463
Q220855,Q942891
Q220855,Q2201769
Q220855,Q1005363
Q220855,Q5198385
Q220855,Q977229
Q220855,Q7500771
Q220855,Q1408852
Q220855,Q2443986
Q26213161,Q26213160
Q26213161,Q2352927
Q2618235,Q2521899
Q2618235,Q8979743
Q2618235,Q962650
Q2618235,Q2463752
Q2618235,Q1131387
Q2618235,Q26218320
Q2618235,Q15055079
Q2618235,Q1004928
Q2618235,Q26218274
Q2618235,Q588440
Q2618235,Q952970
Q2618235,Q31843484
Q2618235,Q170035
Q1075752,Q1005365
Q1075752,Q2308161
Q1075752,Q1075735
Q1075752,Q587012
Q1075752,Q946243
Q1075752,Q3899247
Q1075752,Q3899244
Q1439338,Q2313511
Q1439338,Q2313481
Q1439338,Q2557129
Q1439338,Q3628752
Q1439338,Q3628767
Q1439338,Q3879602
Q1439338,Q917348
Q1439338,Q15055074
Q1439338,Q853040
Q1439338,Q3628682
Q1439338,Q3628763
Q25991466,Q25991459
Q25991466,Q3879602
Q25991466,Q7400314
Q656634,Q26215191
Q656634,Q3628786
Q656634,Q3628678
Q656634,Q517035
Q656634,Q2303728
Q656634,Q1005172
Q579227,Q1005036
Q579227,Q3879563
Q579227,Q1005040
Q579227,Q1076295
Q579227,Q1004892
Q579227,Q932865
Q579227,Q25927634
Q579227,Q25991463
Q579227,Q848666
Q579227,Q7500768
Q579227,Q3879570
Q25991463,Q25932055
Q25991463,Q26212149
Q25991463,Q25991447
Q25991463,Q826852
Q25991463,Q25991464
Q25991463,Q527985
Q25991463,Q1004860
Q25991463,Q10426127
Q25991463,Q2311975
Q25991463,Q1074357
Q221335,Q916724
Q221335,Q927998
Q221335,Q531844
Q221335,Q15055029
Q221335,Q1004991
Q613470,Q259965
Q613470,Q15055075
Q613470,Q1004936
Q613470,Q988351
Q613470,Q15056068
Q613470,Q1005371
Q613470,Q596094
Q613470,Q848641
Q613470,Q1005155
Q1156706,Q938848
Q1156706,Q1156715
Q1156710,Q938848
Q1156710,Q1156700
Q1156710,Q938765
Q25932055,Q3628684
Q25932055,Q1076347
Q25932055,Q1094667
Q25932055,Q917333
Q25932055,Q847592
Q25932055,Q15055079
Q25932055,Q942846
Q25932055,Q570058
Q65235579,Q4354074
Q65235579,Q824919
Q65235579,Q7656701
Q65235579,Q1426854
Q65235579,Q3628690
Q65235579,Q38410
Q65235579,Q15055085
Q1156700,Q2570158
Q1156700,Q632472
Q1156700,Q25386266
Q607576,Q1005244
Q607576,Q1004861
Q607576,Q1372090
Q607576,Q7500748
Q607576,Q771886
Q607576,Q1004896
Q607576,Q729339
Q2157561,Q2303578
Q2157561,Q972253
Q65242174,Q2311149
Q65242174,Q2311975
Q65242174,Q26860
Q65242174,Q2303535
Q65242174,Q3879604
Q2112865,Q2297686
Q2112865,Q128040
Q2112865,Q276040
Q1575430,Q1377439
Q1575430,Q1304082
Q1575430,Q942805
Q1575430,Q1133965
Q596094,Q936086
Q596094,Q1005018
Q596094,Q1005063
Q596094,Q3628765
Q107861696,Q107861706
Q107861696,Q280553
Q107861696,Q2552272
Q2070832,Q2269694
Q2070832,Q1005322
Q2070832,Q2297621
Q2070832,Q916174
Q107861714,Q107861726
Q107861714,Q107861710
Q107861714,Q847284
Q107861714,Q1221867
Q47309836,Q2313511
Q47309836,Q938779
Q584005,Q782722
Q584005,Q2410252
Q517035,Q3628777
Q517035,Q899312
Q517035,Q988362
Q517035,Q988363
Q517035,Q917323
Q517035,Q645460
Q517035,Q251465
Q517035,Q2311975
Q517035,Q3628778
Q1750716,Q906865
Q1750716,Q906859
Q1750716,Q1750587
Q1750716,Q7980006
Q1750716,Q7979998
Q1750716,Q1750578
Q1750716,Q1750591
Q26212152,Q26037184
Q26212152,Q26208513
Q26212152,Q26205999
Q1604222,Q850209
Q1604222,Q614894
Q1604222,Q3628760
Q1604222,Q3879596
Q162056,Q2022215
Q162056,Q975449
Q107861706,Q1222092
Q107861706,Q921409
Q7400306,Q7400312
Q7400306,Q7400314
Q7400306,Q7400309
Q7400306,Q7400320
Q7400306,Q7400316
Q7400306,Q7400308
Q7400306,Q7400319
Q1084677,Q922248
Q1084677,Q853072
Q1084677,Q3628767
Q1084677,Q2313511
Q1084677,Q947678
Q1084677,Q3879761
Q1084677,Q3628752
Q22964420,Q15055072
Q22964420,Q1408920
Q22964420,Q22964439
Q107861726,Q107861710
Q733026,Q1408852
Q733026,Q1408927
Q733026,Q1408897
Q733026,Q3628683
Q733026,Q26860
Q733026,Q3628689
Q733026,Q3628692
Q733026,Q1426854
Q733026,Q2303677
Q733026,Q1408856
Q1534918,Q1222639
Q1534918,Q1005746
Q1534918,Q1005286
Q1534918,Q1004936
Q1534918,Q1076288
Q1534918,Q3879632
Q1534918,Q905472
Q1534918,Q848689
Q1534918,Q15055032
Q1534918,Q1005572
Q1534918,Q1005805
Q25863624,Q25927634
Q25863624,Q25991456
Q25863624,Q249265
Q25863624,Q2463752
Q25863624,Q8979743
Q25863624,Q15056067
Q25863624,Q15055004
Q25863624,Q3879646
Q25863624,Q38599
Q259965,Q1005486
Q259965,Q372925
Q259965,Q595055
Q259965,Q843851
Q259965,Q1074357
Q259965,Q1005040
Q259965,Q3879611
Q259965,Q988351
Q259965,Q848666
Q259965,Q918076
Q259965,Q15055004
Q259965,Q1005313
Q259965,Q1005371
Q259965,Q1005292
Q259965,Q1423968
Q259965,Q1005374
Q259965,Q1005172
Q2698933,Q905417
Q2698933,Q1471937
Q2698933,Q1326725
Q2698933,Q1043614
Q7400309,Q7400308
Q7400309,Q7400312
Q7400309,Q7400323
Q7400309,Q7400316
Q7400309,Q7400320
Q7400309,Q7400318
Q7400309,Q7400297
Q7400309,Q7400319
Q7400309,Q7400321
Q16953154,Q10706348
Q16953154,Q10572465
Q16953154,Q10572423
Q16953154,Q4951836
Q2072744,Q3498573
Q2072744,Q3498966
Q2072744,Q3498597
Q2072744,Q3498666
Q2072744,Q3498697
Q2072744,Q3499001
Q2072744,Q3499058
Q2072744,Q3837499
Q609385,Q2455198
Q609385,Q634029
Q609385,Q22964447
Q609385,Q1222543
Q26217896,Q26218599
Q26217896,Q26218598
Q26217896,Q26212161
Q26217896,Q26212162
Q19819174,Q30680431
Q19819174,Q31843476
Q19819174,Q31843481
Q19819174,Q15055004
Q19819174,Q7500832
Q19819174,Q31843484
Q19819174,Q1004936
Q19819174,Q15055074
Q19819174,Q905715
Q19819174,Q15056225
Q19819174,Q1005333
Q1169609,Q591556
Q25991461,Q1094686
Q25991461,Q2269716
Q25991461,Q1076347
Q25991461,Q3879569
Q25991461,Q1076376
Q25991461,Q3879579
Q1094686,Q1076244
Q1094686,Q3879569
Q1094686,Q7656719
Q1094686,Q7656712
Q1094686,Q24906792
Q1094686,Q2269716
Q1094686,Q7656713
Q1094686,Q1004892
Q1094686,Q1141034
Q174908,Q165394
Q174908,Q1768470
Q174908,Q1129534
Q174908,Q483941
Q174908,Q1385337
Q174908,Q1123621
Q2096231,Q2521952
Q2096231,Q2521962
Q2096231,Q2289605
Q26218598,Q26217865
Q26212155,Q26212151
Q26212155,Q26208513
Q26212155,Q26208316
Q26155834,Q5481589
Q26155834,Q7500840
Q26155834,Q1360804
Q26155834,Q20670790
Q26155834,Q7500819
Q2570158,Q3951952
Q2570158,Q25386266
Q2570158,Q762663
Q25991459,Q1193982
Q25991459,Q1222526
Q25991459,Q15055035
Q25991459,Q2574045
Q25991459,Q3879630
Q7400308,Q7400321
Q7400308,Q7400320
Q7400308,Q7400319
Q7400308,Q7400297
Q7400308,Q7400318
Q7400308,Q886359
Q7400308,Q2557141
Q1067772,Q1198508
Q1067772,Q2269716
Q1067772,Q3879652
Q1067772,Q3879650
Q1067772,Q240257
Q1067772,Q922361
Q1067772,Q2723756
Q1067772,Q947691
Q1067772,Q3879643
Q1067772,Q3879594
Q1750578,Q906859
Q1750578,Q1750591
Q107861699,Q107861704
Q107861699,Q988367
Q107861699,Q905659
Q107861699,Q2322860
Q107861710,Q905715
Q107861710,Q14643199
Q26212161,Q26217865
Q26212161,Q26212162
Q1193982,Q784131
Q1193982,Q3879598
Q1193982,Q3628759
Q1193982,Q3879573
Q1193982,Q1076347
Q1193982,Q3879662
Q1193982,Q586729
Q1193982,Q1193966
Q1193982,Q7656713
Q635823,Q905503
Q635823,Q548072
Q635823,Q1027135
Q635823,Q3879634
Q635823,Q970610
Q2201769,Q3628785
Q2201769,Q917323
Q2201769,Q595055
Q2201769,Q1439249
Q2201769,Q848291
Q7371997,Q7372001
Q1005685,Q704595
Q1005685,Q260204
Q1005685,Q1005660
Q586729,Q580481
Q586729,Q905540
Q586729,Q916771
Q586729,Q3879618
Q586729,Q614894
Q586729,Q848666
Q22964419,Q22964425
Q1089281,Q321561
Q1089281,Q754745
Q26218466,Q26219831
Q26218466,Q26219847
Q22964425,Q22964429
Q22964425,Q22964455
Q22964425,Q685266
Q26215191,Q3628786
Q26215191,Q3879587
Q26215191,Q3879604
Q26215191,Q38594
Q26215191,Q1005744
Q26215191,Q922248
Q26155829,Q26212149
Q1075735,Q587012
Q1075735,Q2308161
Q1075735,Q3899246
Q584766,Q833566
Q584766,Q1125442
Q584766,Q2819546
Q584766,Q591556
Q584766,Q1125451
Q584766,Q1123621
Q1193966,Q1076347
Q1193966,Q1110152
Q26217865,Q26212162
Q26217865,Q26218599
Q1156715,Q938765
Q662887,Q576599
Q662887,Q938164
Q662887,Q1222651
Q1439291,Q2634499
Q1439291,Q2558983
Q1439291,Q7656695
Q1439291,Q3628770
Q1439291,Q3879654
Q1439291,Q1005212
Q580481,Q916771
Q580481,Q905540
Q580481,Q848666
Q1131387,Q31843484
Q1131387,Q8979743
Q1131387,Q1005363
Q1131387,Q3730943
Q1131387,Q1438466
Q2070058,Q2000524
Q575848,Q219424
Q575848,Q1055299
Q575848,Q726294
Q575848,Q300842
Q575848,Q1199839
Q575848,Q841515
Q575848,Q1139794
Q575848,Q1129534
Q7400302,Q7400297
Q7400302,Q7400318
Q7400302,Q7400346
Q1997032,Q2380135
Q1997032,Q2196657
Q1997032,Q241789
Q1997032,Q955487
Q1997032,Q1371783
Q1997032,Q1750591
Q1997032,Q2364389
Q1964153,Q1433549
Q7372007,Q7371999
Q7372007,Q22964449
Q7372007,Q22964447
Q1750591,Q906859
Q1750591,Q906865
Q1750591,Q7979998
Q1750591,Q1065640
Q610603,Q905659
Q610603,Q921409
Q26218320,Q26218274
Q26218320,Q2521899
Q2022215,Q1304082
Q2022215,Q1377439
Q1750587,Q906859
Q1750587,Q906865
Q664418,Q1042789
Q664418,Q1042778
Q664418,Q1069209
Q634029,Q2455198
Q634029,Q1222543
Q634029,Q22964456
Q1067383,Q1337042
Q1067383,Q903679
Q25932075,Q3628763
Q26212145,Q2196657
Q26212145,Q1372090
Q26212145,Q1005244
Q20670790,Q3879658
Q20670790,Q3879652
Q20670790,Q922361
Q20670790,Q1222238
Q26212151,Q26208316
Q26212151,Q26208513
Q26212151,Q26205999
Q26218274,Q3879633
Q26218274,Q2521899
Q26218274,Q1432289
Q1750595,Q1750579
Q1750595,Q1750583
Q1750595,Q7979995
Q1750595,Q7979999
Q1750595,Q2557145
Q1750595,Q906854
Q1750595,Q13572928
Q1750595,Q25239317
Q26219847,Q26219831
Q651065,Q1194982
Q651065,Q385563
Q107861704,Q1221867
Q107861704,Q847284
Q107861704,Q14643126
Q107861704,Q1222299
Q107861704,Q280553
Q107861704,Q1221922
Q107861704,Q1005041
Q107861704,Q1005044
Q2819546,Q309621
Q2819546,Q270410
Q2819546,Q1129534
Q2819546,Q169082
Q2819546,Q1125451
Q2819546,Q168862
Q2819546,Q726294
Q2819546,Q1127184
Q2819546,Q839434
Q2819546,Q1140578
Q2819546,Q232219
Q2819546,Q1140762
Q2819546,Q1124980
Q1439276,Q2318914
Q1439276,Q2311149
Q1439276,Q1074357
Q1439276,Q988363
Q1439276,Q523492
Q1439276,Q1433101
Q1439276,Q1433072
Q1439276,Q582514
Q25991448,Q25991456
Q25991448,Q25991455
Q25991448,Q769467
Q25991448,Q7400305
Q25991448,Q670039
Q25991448,Q1408927
Q7400297,Q7400318
Q7400297,Q7400312
Q7400297,Q302701
Q1137646,Q938848
Q735299,Q988367
Q735299,Q988364
Q735299,Q1005351
Q735299,Q946243
Q22964429,Q22964444
Q22964429,Q2460802
Q22964429,Q5443138
Q25927634,Q25991456
Q25927634,Q2313511
Q25927634,Q932865
Q25927634,Q886359
Q15056264,Q3925470
Q15056264,Q3925471
Q15056264,Q3925463
Q15056264,Q13583141
Q1092809,Q963420
Q1092809,Q955487
Q1092809,Q1065640
Q65242345,Q589310
Q65242345,Q901754
Q65242345,Q1183979
Q65242345,Q734997
Q65242345,Q562654
Q25991456,Q3879583
Q25991456,Q3879581
Q25991456,Q3879580
Q25991456,Q249265
Q2562124,Q737732
Q2562124,Q4471528
Q26205999,Q26037184
Q26213160,Q2352412
Q1065640,Q955487
Q26212149,Q771886
Q1094667,Q784131
Q1094667,Q1076347
Q1094667,Q7656727
Q1094667,Q1222474
Q1094667,Q38410
Q722895,Q7500838
Q722895,Q4354074
Q722895,Q5395306
Q722895,Q4354615
Q722895,Q523492
Q722895,Q7500836
Q722895,Q2311975
Q722895,Q4357642
Q65242359,Q2174649
Q65242359,Q1221867
Q65242359,Q947691
Q65242359,Q3998589
Q26037184,Q2000524
Q7400305,Q7400314
Q7400305,Q7400312
Q7400305,Q15055036
Q7400305,Q988372
Q7400305,Q4903025
Q7400305,Q15056225
Q7400305,Q4786036
Q7400305,Q7400313
Q548072,Q905503
Q548072,Q15055072
Q548072,Q18713
Q730927,Q596754
Q730927,Q825048
Q730927,Q653672
Q730927,Q825731
Q26218608,Q26208513
Q65242331,Q841622
Q65242331,Q220866
Q1570183,Q1133965
Q1750579,Q7979991
Q1750579,Q7979982
Q1750579,Q1750583
Q1750579,Q7979994
Q1750579,Q7979997
Q22964435,Q22964443
Q22964435,Q22964437
Q22964435,Q22964439
Q22964435,Q22964450
Q26208316,Q26208513
Q734997,Q942805
Q734997,Q1183979
Q734997,Q901754
Q734997,Q581788
Q734997,Q752428
Q734997,Q589310
Q734997,Q311161
Q614894,Q916747
Q614894,Q938779
Q1750583,Q7979995
Q1750583,Q7979999
Q1750583,Q2557145
Q1750583,Q906854
Q599412,Q25386268
Q599412,Q938765
Q599412,Q25386262
Q599412,Q38594
Q25991447,Q2353475
Q25991447,Q38412
Q26219849,Q26219848
Q25991455,Q1076363
Q25991455,Q843851
Q25991455,Q15056068
Q25991455,Q769467
Q25991455,Q727488
Q25991455,Q3628765
Q25991455,Q3879653
Q25991455,Q1005371
Q25991455,Q3879632
Q17063526,Q7656689
Q17063526,Q7656705
Q17063526,Q7656714
Q17063526,Q3879641
Q17063526,Q3879561
Q17063526,Q7656687
Q17063526,Q7656692
Q17063526,Q10572462
Q581788,Q840683
Q581788,Q752428
Q588440,Q2521899
Q588440,Q8979743
Q25991464,Q3879588
Q25991464,Q2269716
Q7371994,Q22964440
Q7371994,Q22964443
Q7371994,Q22964437
Q7371994,Q2460802
Q26217860,Q25397018
Q26217860,Q3879579
Q26217860,Q3628752
Q26217860,Q1221917
Q2174649,Q3998590
Q2174649,Q914969
Q2174649,Q840683
Q2174649,Q1221867
Q2174649,Q2352927
Q2174649,Q3998587
Q2174649,Q30680431
Q7371999,Q2322860
Q7371999,Q22964458
Q2000524,Q31844
Q662184,Q827019
Q662184,Q1005313
Q220299,Q1199839
Q220299,Q478626
Q220299,Q161400
Q220299,Q855222
Q220299,Q471720
Q7372001,Q2322860
Q7372001,Q2455198
Q7372001,Q1222543
Q7372001,Q1222549
Q7372001,Q22964459
Q185776,Q1129227
Q185776,Q726294
Q185776,Q267866
Q185776,Q164417
Q1194982,Q385563
Q384953,Q843851
Q384953,Q916724
Q384953,Q916711
Q384953,Q826510
Q384953,Q825731
Q384953,Q1004892
Q384953,Q2353523
Q384953,Q1005801
Q384953,Q1005351
Q384953,Q1005214
Q384953,Q1005741
Q185376,Q313566
Q185376,Q1138936
Q185376,Q841203
Q185376,Q167726
Q185376,Q740528
Q191828,Q838154
Q191828,Q746574
Q191828,Q1336107
Q191828,Q1140762
Q1180839,Q854589
Q1180839,Q108006
Q1180839,Q164417
Q1180839,Q1336107
Q1180839,Q167726
Q1180839,Q1124875
Q678761,Q1427204
Q678761,Q780886
Q322206,Q1336107
Q322206,Q167726
Q322206,Q164963
Q322206,Q1058555
Q1058555,Q321561
Q1058555,Q754745
Q1058555,Q1130395
Q1058555,Q810012
Q1058555,Q754892
Q463768,Q841515
Q463768,Q1140439
Q463768,Q849656
Q463768,Q836821
Q463768,Q108006
Q1439249,Q1005363
Q1439249,Q917328
Q1752509,Q841476
Q1752509,Q580716
Q22964437,Q22964440
Q22964437,Q22964439
Q905417,Q1433549
Q7400312,Q7400314
Q7400312,Q7400318
Q7400312,Q7400319
Q7400312,Q7400320
Q1060293,Q1471937
Q1060293,Q780886
Q1060293,Q1326725
Q185079,Q483118
Q185079,Q108006
Q185079,Q166272
Q185079,Q1125384
Q578873,Q162729
Q578873,Q834021
Q578873,Q726294
Q578873,Q309621
Q1385337,Q167726
Q797242,Q726294
Q797242,Q913440
Q3400670,Q5198381
Q3400670,Q3561235
Q3400670,Q3046361
Q3400670,Q3879604
Q3400670,Q1005746
Q3400670,Q843851
Q3400670,Q4471528
Q1222467,Q1222639
Q1222467,Q1222526
Q1222467,Q1222209
Q1222467,Q1005572
Q22964445,Q22964442
Q22964445,Q22964438
Q22964445,Q22964444
Q22964445,Q22964440
Q1222171,Q1221939
Q1222171,Q1222025
Q1222171,Q1005069
Q1222171,Q1004936
Q1222171,Q1005371
Q1222171,Q1005040
Q826852,Q255955
Q826852,Q532360
Q826852,Q1004964
Q826852,Q1004863
Q826852,Q841942
Q826852,Q15056096
Q826852,Q942891
Q826852,Q1004868
Q826852,Q1005188
Q1221935,Q1222187
Q1221935,Q1005047
Q1221935,Q1004934
Q1221935,Q1222176
Q1221935,Q1221867
Q1221935,Q14643126
Q1221935,Q1222101
Q1222146,Q1004888
Q1222146,Q1221836
Q1222146,Q1221867
Q917323,Q3628785
Q917323,Q3628786
Q917323,Q3628792
Q917323,Q38412
Q7500747,Q7500745
Q7500747,Q7500768
Q7500747,Q7500760
Q7500747,Q7500789
Q7500747,Q4354069
Q7500747,Q4786050
Q7500747,Q11883936
Q7500747,Q7500782
Q330468,Q1393668
Q330468,Q2737200
Q330468,Q1043614
Q330468,Q1471937
Q330468,Q780886
Q330468,Q165325
Q22964449,Q22964447
Q22964449,Q22964450
Q22964449,Q22964453
Q22964449,Q22964454
Q3001407,Q3001455
Q3001407,Q3001408
Q3001407,Q1421727
Q3001407,Q31843476
Q3001407,Q1156252
Q3001407,Q3561235
Q3001407,Q10522584
Q3001407,Q3879611
Q3001407,Q26860
Q3001407,Q4443767
Q3001407,Q1203058
Q748648,Q827175
Q748648,Q596754
Q748648,Q825058
Q14643126,Q15021060
Q14643126,Q15055025
Q14643126,Q1004936
Q14643126,Q846788
Q14643126,Q847288
Q14643126,Q917333
Q14643126,Q848689
Q14643126,Q1004934
Q14643126,Q1004928
Q14643126,Q3998587
Q14643126,Q1005044
Q7656687,Q7656681
Q7656687,Q7656713
Q7656687,Q7656684
Q7656687,Q3879620
Q7656687,Q3879660
Q7656687,Q826510
Q7656687,Q3879597
Q7656687,Q769467
Q7656687,Q7656692
Q7500819,Q7500813
Q7500819,Q7500840
Q7500819,Q4354069
Q7500819,Q7500802
Q7500819,Q7500807
Q7500819,Q7500817
Q7500819,Q4443763
Q4786035,Q4786037
Q4786035,Q4786036
Q4786035,Q4786042
Q4786035,Q7500840
Q4786035,Q3628778
Q4786035,Q7400329
Q4786035,Q4786049
Q4786035,Q2322860
Q2299006,Q2358214
Q2299006,Q767959
Q2299006,Q677063
Q2494175,Q1074316
Q2494175,Q1360895
Q8979743,Q3730943
Q782429,Q848696
Q782429,Q905540
Q782429,Q1005041
Q782429,Q15055031
Q782429,Q938791
Q782429,Q843860
Q782429,Q841942
Q782429,Q525031
Q782429,Q3628764
Q15056068,Q15056067
Q15056068,Q15056065
Q15056068,Q15056267
Q15056068,Q15055001
Q15056068,Q1005371
Q15056068,Q15056225
Q15056068,Q952970
Q15056068,Q31843476
Q905472,Q905561
Q905472,Q823663
Q905472,Q385894
Q905472,Q1076288
Q905472,Q1005576
Q905472,Q5644525
Q2521962,Q2289605
Q2521962,Q2521952
Q848666,Q905540
Q848666,Q765044
Q848666,Q7400328
Q27961940,Q28402472
Q27961940,Q6303864
Q27961940,Q10466402
Q826539,Q826487
Q826539,Q823754
Q826539,Q826529
Q769467,Q3879641
Q769467,Q3879660
Q769467,Q3879650
Q769467,Q3879629
Q769467,Q3628761
Q769467,Q3879664
Q1005322,Q1005363
Q1005322,Q2297621
Q1005322,Q1415848
Q1005322,Q2269694
Q1005322,Q1005614
Q1005322,Q2297633
Q1222469,Q1005575
Q1222469,Q1222644
Q1222469,Q1222529
Q1222469,Q653672
Q1222469,Q2558493
Q1222469,Q15054994
Q1222469,Q1222639
Q1222469,Q15055002
Q1222469,Q1221836
Q7979982,Q7979991
Q7979982,Q7979983
Q7979982,Q13572928
Q7979982,Q4820134
Q7979982,Q12808128
Q7979982,Q7979985
Q7979982,Q7979987
Q15055009,Q15055004
Q15055009,Q15055013
Q15055009,Q15054994
Q15055009,Q1004936
Q15055009,Q15056067
Q15055009,Q1005805
Q15055009,Q637365
Q15055009,Q13655354
Q15055009,Q3998591
Q15055028,Q15055031
Q15055028,Q15055018
Q15055028,Q15055037
Q15055028,Q1222014
Q15055028,Q3998589
Q15055033,Q14643284
Q15055033,Q15055034
Q15055033,Q15055038
Q15055033,Q1005621
Q15055033,Q1004952
Q15055033,Q1222497
Q15055033,Q15055029
Q15055033,Q525031
Q15055033,Q1005157
Q886732,Q384008
Q886732,Q886359
Q886732,Q963859
Q886732,Q2303728
Q886732,Q3628786
Q886732,Q762663
Q886732,Q825058
Q1433101,Q1433072
Q1433101,Q613746
Q1433101,Q2311975
Q1433101,Q825731
Q1433101,Q1005746
Q1433101,Q1074316
Q7979974,Q7979975
Q7979974,Q7979973
Q7979974,Q7979972
Q7979974,Q7979971
Q3499001,Q3498966
Q3499001,Q3498926
Q3499001,Q3498597
Q3499001,Q3498697
Q3499001,Q3498987
Q3499001,Q3498666
Q3499001,Q3498573
Q3499001,Q3837498
Q3499001,Q8037901
Q1432187,Q3628786
Q1432187,Q3628785
Q1432187,Q3628703
Q1432187,Q3879595
Q1432187,Q2724464
Q1432187,Q3628702
Q1005244,Q771886
Q1005244,Q1372090
Q1005244,Q7500748
Q7500847,Q7500838
Q7500847,Q7500842
Q7500847,Q7500840
Q7500847,Q7500834
Q7500847,Q7500821
Q781406,Q376518
Q781406,Q956359
Q781406,Q591555
Q781406,Q1005621
Q906128,Q917217
Q906128,Q843860
Q906128,Q1005041
Q906128,Q3879598
Q1221939,Q1222025
Q1221939,Q1005069
Q1221939,Q1221934
Q1221939,Q3879615
Q1221939,Q1222014
Q848696,Q905540
Q848696,Q841942
Q22964443,Q22964440
Q22964443,Q22964457
Q22964443,Q22964456
Q22964443,Q22964455
Q963859,Q963481
Q963859,Q963453
Q963859,Q384008
Q963859,Q1027135
Q963859,Q762663
Q963859,Q1346374
Q963859,Q15056096
Q963859,Q1005365
Q963859,Q905493
Q963859,Q1074357
Q1222533,Q1222717
Q1222533,Q1222214
Q1222533,Q2574045
Q1222533,Q1222529
Q1222533,Q1222524
Q1222533,Q826560
Q1222533,Q22964454
Q7979972,Q7979973
Q7979972,Q7979969
Q7979972,Q7979978
Q7979972,Q7400318
Q3001455,Q2445057
Q3001455,Q3001452
Q3001455,Q1074357
Q3001455,Q25939
Q3001455,Q129295
Q685266,Q1222549
Q685266,Q2322860
Q685266,Q2460802
Q685266,Q26860
Q685266,Q1426854
Q685266,Q942244
Q685266,Q3628774
Q7979977,Q7979969
Q7979977,Q7979968
Q7979977,Q7979975
Q7979977,Q7979973
Q7979977,Q7979985
Q765657,Q1069209
Q765657,Q1042778
Q765657,Q1042789
Q765657,Q1005172
Q765657,Q2312939
Q765657,Q15056224
Q7500737,Q7500753
Q7500737,Q7500758
Q7500737,Q7500760
Q7500737,Q7500748
Q7500737,Q7500741
Q7500737,Q7500745
Q1005423,Q7500830
Q1005423,Q7500810
Q1005423,Q2353523
Q1005423,Q1360895
Q1005423,Q5395306
Q1005423,Q7500739
Q1005423,Q7500786
Q61539,Q1005230
Q61539,Q1005262
Q899312,Q3628778
Q899312,Q2311975
Q899312,Q3628777
Q899312,Q917328
Q899312,Q848291
Q899312,Q922248
Q899312,Q31843476
Q899312,Q977229
Q22964442,Q22964438
Q22964442,Q22964444
Q22964442,Q22964457
Q22964442,Q22964456
Q7400314,Q15055079
Q7400314,Q841897
Q7400314,Q30680431
Q7400314,Q7400313
Q313566,Q1124980
Q313566,Q269912
Q313566,Q499535
Q313566,Q483118
Q313566,Q1206261
Q313566,Q918380
Q313566,Q182763
Q313566,Q272064
Q1222168,Q1221864
Q1222168,Q1222080
Q15056105,Q15056104
Q15056105,Q15055074
Q15056105,Q15056099
Q15056105,Q523492
Q15056105,Q843851
Q15056105,Q988362
Q15056105,Q15056096
Q15056105,Q15056100
Q15056105,Q7400335
Q15056105,Q1005571
Q15056105,Q1005374
Q7674783,Q7674781
Q7674783,Q7674780
Q7674783,Q7674782
Q7674783,Q7674791
Q7674783,Q7674776
Q4951839,Q4951841
Q4951839,Q4951845
Q4951839,Q4951844
Q15056067,Q15056065
Q15056067,Q15056267
Q15056067,Q1004936
Q15056067,Q1005047
Q15056067,Q1005069
Q15056067,Q988374
Q15056067,Q1005155
Q15056067,Q3879627
Q2353351,Q2352412
Q2353351,Q2352927
Q932865,Q886359
Q906859,Q906865
Q3498676,Q3499009
Q3498676,Q3498626
Q3498676,Q3499898
Q3498676,Q3565736
Q3498676,Q3500417
Q3498676,Q3565575
Q3498676,Q3499929
Q677063,Q2358214
Q677063,Q767959
Q846788,Q915092
Q846788,Q256529
Q846788,Q1004924
Q846788,Q1221867
Q846788,Q1005108
Q846788,Q847288
Q846788,Q1004918
Q846788,Q256759
Q846788,Q280553
Q846788,Q1005065
Q846788,Q247070
Q1350521,Q854589
Q1350521,Q309621
Q1350521,Q1427204
Q1350521,Q249288
Q247070,Q853023
Q247070,Q853072
Q247070,Q947678
Q247070,Q1004927
Q691742,Q905503
Q691742,Q824928
Q691742,Q843851
Q691742,Q946243
Q691742,Q825058
Q691742,Q15055081
Q691742,Q905555
Q691742,Q988363
Q691742,Q988351
Q691742,Q3879587
Q691742,Q988347
Q7400334,Q7400335
Q7400334,Q7400329
Q7400334,Q7400327
Q7400334,Q4443767
Q7400334,Q5395306
Q7400334,Q7400328
Q7400334,Q7400333
Q7500748,Q7500760
Q7500748,Q3628695
Q7500748,Q7500772
Q7500748,Q3899244
Q1222651,Q1005753
Q1222651,Q1222483
Q7656712,Q7656716
Q7656712,Q7656707
Q7656712,Q7656705
Q7656712,Q1076376
Q7656712,Q7656727
Q7656712,Q7656686
Q7656712,Q7656691
Q1222109,Q826500
Q1222109,Q252584
Q1222109,Q1221793
Q1222109,Q952458
Q240257,Q784131
Q240257,Q3879667
Q240257,Q3879642
Q240257,Q1198508
Q15056095,Q15056096
Q15056095,Q905561
Q15056095,Q850196
Q15056095,Q15055035
Q15056095,Q942846
Q15056095,Q15055079
Q15056095,Q3628684
Q15056095,Q784131
Q7656705,Q7656714
Q7656705,Q7656689
Q7656705,Q3879613
Q7656705,Q1076244
Q7656705,Q917760
Q5280017,Q5124014
Q5280017,Q5448040
Q5280017,Q255955
Q5280017,Q5448039
Q1222524,Q1222713
Q1222524,Q1222203
Q1222524,Q1005284
Q1222524,Q1222529
Q1222524,Q1222717
Q1222524,Q1222466
Q1222524,Q1222715
Q1222524,Q1222721
Q1222524,Q1005639
Q22964439,Q22964454
Q22964439,Q5443144
Q1221810,Q1222133
Q1221810,Q1004870
Q1221810,Q1005192
Q1221810,Q1221812
Q1221810,Q1222137
Q1221810,Q1222134
Q1221810,Q5448040
Q15055034,Q15055038
Q15055034,Q15055029
Q15055034,Q1005749
Q15055034,Q2312939
Q15055034,Q585893
Q15055034,Q2313564
Q638285,Q1221915
Q638285,Q1222127
Q638285,Q525031
Q638285,Q1222108
Q15054994,Q15055011
Q15054994,Q15054999
Q15054994,Q15055007
Q15054994,Q841946
Q15054994,Q1408906
Q15054994,Q15055074
Q15054994,Q1222187
Q15054994,Q917743
Q15054994,Q15055002
Q4786049,Q4786050
Q4786049,Q4786042
Q4786049,Q4786044
Q4786049,Q4354615
Q4786049,Q15055013
Q4786049,Q4786048
Q1508565,Q1516833
Q1508565,Q849656
Q917752,Q585893
Q917752,Q771123
Q917752,Q1005576
Q917752,Q1004991
Q917752,Q916724
Q917752,Q1005557
Q7656695,Q5970589
Q7656695,Q7656697
Q7656695,Q7656720
Q7656695,Q3628761
Q7656695,Q7656694
Q7656695,Q7656692
Q3498940,Q3499066
Q3498940,Q8037905
Q3498940,Q8037903
Q3498940,Q3499032
Q2724464,Q2445057
Q2724464,Q900405
Q2724464,Q936622
Q2724464,Q903439
Q2724464,Q3730943
Q847288,Q915058
Q847288,Q1004924
Q847288,Q824803
Q847288,Q256759
Q847288,Q1004918
Q847288,Q1005047
Q847288,Q15056100
Q847288,Q531844
Q847288,Q3998587
Q1222212,Q1222644
Q1222212,Q1222529
Q1222212,Q1005292
Q1222212,Q3879620
Q1222212,Q1222721
Q1222212,Q826560
Q1222212,Q1005286
Q870649,Q988372
Q870649,Q1005066
Q870649,Q1005124
Q775967,Q7500836
Q775967,Q4443767
Q775967,Q681571
Q775967,Q7500796
Q775967,Q2353475
Q775967,Q7500772
Q775967,Q7500750
Q775967,Q15055084
Q917348,Q853040
Q917348,Q938779
Q917348,Q3628686
Q917348,Q3628684
Q3498987,Q3499038
Q3498987,Q3498597
Q3498987,Q3498697
Q3498987,Q8037909
Q4951834,Q10572465
Q4951834,Q10497009
Q4951834,Q10572441
Q1202526,Q1202770
Q1202526,Q3561232
Q1202526,Q1415848
Q1202526,Q5198388
Q1202526,Q5198381
Q1202526,Q2269694
Q1202526,Q2297633
Q1222025,Q1005214
Q1222025,Q653672
Q1222025,Q1222014
Q1222025,Q1221934
Q15052012,Q15052019
Q15052012,Q1005044
Q1222529,Q1222644
Q1222529,Q1222715
Q1222529,Q1222526
Q1222529,Q1222717
Q1222529,Q1005808
Q7500840,Q5395306
Q7500840,Q4354074
Q7500840,Q7500838
Q7500840,Q4354615
Q7500840,Q3628705
Q7500840,Q7500832
Q7500840,Q1360804
Q7500840,Q1360834
Q1221864,Q1222080
Q15056096,Q3879604
Q15056096,Q1005575
Q15056096,Q3628682
Q15056096,Q1005749
Q7400342,Q7400339
Q7400342,Q7400341
Q1337042,Q903679
Q25386274,Q25384917
Q25386274,Q25384913
Q7656689,Q7656714
Q7656689,Q3879644
Q841897,Q910720
Q841897,Q429621
Q841897,Q905715
Q841897,Q922361
Q841897,Q3879645
Q841897,Q653672
Q841897,Q841946
Q841897,Q1222437
Q841897,Q5644525
Q25162542,Q936086
Q25162542,Q3951952
Q25162542,Q763031
Q25162542,Q7500801
Q25162542,Q377600
Q25162542,Q4354069
Q25162542,Q576599
Q1432476,Q3628761
Q1432476,Q3628765
Q1432476,Q3628773
Q1432476,Q3628772
Q1432476,Q3628763
Q1432476,Q3628766
Q1432476,Q3879593
Q1432476,Q7656691
Q1432476,Q670039
Q1432476,Q1005804
Q1432476,Q2558983
Q7500739,Q7500764
Q7500739,Q7500830
Q7500739,Q7500786
Q7500739,Q4443767
Q7500739,Q7500743
Q7500739,Q7500750
Q2557145,Q1372090
Q2557145,Q2364389
Q15055073,Q15055072
Q15055073,Q15055087
Q15055073,Q905503
Q15055073,Q843851
Q15055073,Q4443767
Q15055073,Q38594
Q15055073,Q1005351
Q3400664,Q3400667
Q3400664,Q3001405
Q3400664,Q3628791
Q7400341,Q7400347
Q7400341,Q7400344
Q7400341,Q7400340
Q7400341,Q7400328
Q7400341,Q7400339
Q7500816,Q7500807
Q7500816,Q7500834
Q7500816,Q7500813
Q7500816,Q4443767
Q7500816,Q4786042
Q762663,Q384008
Q762663,Q15055004
Q762663,Q1005746
Q15055013,Q15055004
Q15055013,Q15055011
Q15055013,Q1004991
Q15055013,Q1004892
Q15055074,Q15056104
Q15055074,Q3628772
Q15055074,Q3628767
Q15055074,Q905715
Q15055074,Q3879602
Q15055074,Q15055075
Q853003,Q754844
Q853003,Q2313564
Q853003,Q2463752
Q853003,Q2308435
Q853003,Q10684072
Q3001409,Q5198392
Q3001409,Q1421727
Q3001409,Q3001408
Q3001409,Q3628764
Q3001409,Q10522584
Q3001409,Q3001459
Q3001409,Q1203058
Q7979978,Q7979968
Q7979978,Q7979969
Q7979978,Q7979967
Q7979978,Q7400323
Q7979978,Q637365
Q7979978,Q825222
Q7979968,Q7979969
Q7979968,Q7979973
Q7979968,Q7979967
Q7979968,Q637365
Q7979968,Q7979975
Q771886,Q2196657
Q771886,Q1004861
Q771886,Q25239316
Q4951846,Q4951848
Q4951846,Q4951843
Q4951846,Q4951844
Q4951846,Q4951845
Q4951846,Q4951838
Q4951846,Q4951847
Q4951846,Q4951840
Q1056853,Q718524
Q1056853,Q475693
Q1056853,Q849475
Q1056853,Q842770
Q2364389,Q2196657
Q2364389,Q1372090
Q2364389,Q729339
Q1433079,Q2312004
Q1433079,Q2557677
Q1433079,Q2558493
Q1433079,Q853040
Q1433079,Q527985
Q15056100,Q15056099
Q15056100,Q645460
Q7400319,Q7400325
Q7400319,Q7400316
Q7400319,Q7400323
Q7400319,Q7400320
Q7400319,Q7400321
Q7400319,Q7400318
Q7400319,Q7400317
Q7400319,Q7400322
Q7400319,Q7400324
Q7400319,Q2557141
Q7656686,Q7656691
Q7656686,Q7656716
Q7656686,Q3628761
Q7656686,Q1426854
Q3498597,Q3498573
Q3498597,Q3498926
Q3498597,Q3498614
Q3498597,Q3499038
Q3498597,Q3498605
Q3498597,Q8037907
Q3498597,Q3498949
Q3498597,Q8037906
Q3498966,Q3498573
Q3498966,Q3837498
Q3498966,Q3498697
Q3498966,Q3499038
Q3498966,Q3498614
Q3498966,Q3498926
Q1360895,Q736527
Q1360895,Q1346374
Q1360895,Q2268043
Q1360895,Q2353533
Q1360895,Q7500779
Q1360895,Q429621
Q1360895,Q1360866
Q1360895,Q7500829
Q1222466,Q1222641
Q1222466,Q1005571
Q1222466,Q1222203
Q1222466,Q1222717
Q1222466,Q1222715
Q7400328,Q7400335
Q7400328,Q7400329
Q7400328,Q7500836
Q7400328,Q1360804
Q7400328,Q7400324
Q3001459,Q3628782
Q3001459,Q3628781
Q3001459,Q129295
Q3001459,Q3001452
Q3001459,Q2526348
Q7400320,Q7400321
Q7400320,Q7400323
Q7400320,Q7400318
Q7400320,Q7400316
Q7400320,Q7400324
Q7400320,Q7400317
Q7400320,Q7400325
Q279295,Q826846
Q279295,Q263070
Q279295,Q1222238
Q279295,Q1222632
Q279295,Q1005731
Q841946,Q848681
Q841946,Q917760
Q841946,Q784131
Q841946,Q917743
Q841946,Q1222639
Q841946,Q825088
Q14643199,Q14643284
Q14643199,Q15055018
Q14643199,Q1221867
Q14643199,Q1222176
Q14643199,Q905715
Q14643199,Q15052019
Q14643199,Q915058
Q1222632,Q939181
Q1222632,Q4903025
Q1222632,Q1005740
Q1005235,Q1005260
Q1005235,Q1005237
Q1005235,Q1005272
Q923513,Q140244
Q923513,Q1005230
Q923513,Q679802
Q923513,Q1005262
Q942244,Q220866
Q942244,Q752413
Q942244,Q1183979
Q942244,Q659097
Q942244,Q536083
Q15056104,Q15056099
Q15056104,Q3879658
Q15056104,Q3879622
Q15056104,Q3879662
Q15056104,Q905561
Q15056104,Q15055075
Q304074,Q720357
Q304074,Q483941
Q304074,Q746574
Q1432289,Q3628770
Q1432289,Q3628772
Q1432289,Q3628779
Q1432289,Q3879588
Q1432289,Q1222641
Q1432289,Q905715
Q1432289,Q1222209
Q1432289,Q3998590
Q1432289,Q1422131
Q1432289,Q3628766
Q1432289,Q3628759
Q1432289,Q3879565
Q1432289,Q3879572
Q2297621,Q2297633
Q2297621,Q3561235
Q917333,Q916976
Q917333,Q904345
Q917333,Q3628684
Q917333,Q15055079
Q1372090,Q2196657
Q488601,Q3628689
Q488601,Q1005621
Q488601,Q3628708
Q488601,Q2303677
Q488601,Q2303535
Q488601,Q1408897
Q488601,Q3628687
Q1222644,Q3879589
Q1222644,Q2328217
Q1222644,Q1360804
Q1222644,Q2362858
Q1222644,Q1005746
Q1222644,Q1005575
Q1222644,Q1005808
Q1222644,Q1005292
Q1222644,Q128040
Q3498626,Q3499066
Q3498626,Q8037903
Q3498626,Q8037905
Q1222474,Q1005576
Q1222474,Q1222214
Q1222474,Q1222646
Q1222474,Q15055011
Q1222474,Q7656707
Q1222474,Q1222437
Q1222474,Q1222238
Q1222474,Q826846
Q1222474,Q771123
Q1222474,Q2328217
Q1222474,Q1222713
Q15055083,Q15055085
Q15055083,Q15055084
Q15055083,Q15055087
Q15055083,Q15055031
Q15055083,Q4354069
Q15055083,Q7500789
Q15055083,Q15055079
Q15055083,Q15055072
Q681571,Q4443767
Q681571,Q921100
Q681571,Q7500836
Q681571,Q7500842
Q523492,Q988363
Q523492,Q988372
Q523492,Q988347
Q523492,Q942891
Q523492,Q988361
Q15055007,Q15055011
Q15055007,Q15055085
Q15055007,Q7656707
Q15055007,Q2557129
Q15055007,Q7656727
Q15055007,Q15054999
Q15055007,Q15055002
Q936086,Q659097
Q936086,Q1005018
Q936086,Q1005040
Q936086,Q3879604
Q936086,Q15055035
Q936086,Q1004892
Q936086,Q683164
Q936086,Q3879581
Q936086,Q3879580
Q2430785,Q2451718
Q2430785,Q737732
Q1221869,Q1004989
Q1221869,Q1221877
Q1221869,Q1221875
Q1222299,Q1005371
Q1222299,Q824928
Q1222299,Q952970
Q1222299,Q1222232
Q1222299,Q1222186
Q1222299,Q4786038
Q1222299,Q1222301
Q1222299,Q825035
Q7500827,Q4354615
Q7500827,Q7500830
Q7500827,Q2353475
Q7500827,Q7500788
Q7500827,Q7500761
Q7500827,Q25396733
Q7500827,Q940196
Q7500827,Q1005782
Q7500827,Q988362
Q7500827,Q7500809
Q917747,Q1005277
Q917747,Q1005296
Q917747,Q988367
Q917747,Q585893
Q917747,Q1004937
Q917747,Q917743
Q917747,Q1005284
Q1222092,Q1005108
Q1222092,Q915092
Q1222092,Q1221922
Q1222092,Q1221867
Q1222092,Q782385
Q1222092,Q921409
Q1222092,Q776835
Q905493,Q241789
Q905493,Q1371783
Q905493,Q25239316
Q905493,Q4467910
Q3499032,Q8037905
Q3499032,Q8037900
Q3499032,Q3499066
Q7500842,Q7500849
Q7500842,Q4357642
Q7500842,Q921100
Q7500842,Q7500814
Q7500842,Q7500822
Q7500842,Q7500804
Q780808,Q279234
Q780808,Q1221912
Q780808,Q339188
Q1005260,Q1005294
Q15055036,Q15055035
Q15055036,Q15055025
Q15055036,Q15055018
Q15055036,Q916930
Q15055036,Q3879587
Q15055036,Q38594
Q15055036,Q3879607
Q15055036,Q3899247
Q15055036,Q1076288
Q15055036,Q3879657
Q917217,Q843860
Q7979967,Q7979969
Q7979967,Q637365
Q7500813,Q7500812
Q7500813,Q5395306
Q7500813,Q7500793
Q7500813,Q903679
Q7500813,Q4443763
Q7500813,Q3899244
Q1222023,Q1222173
Q1222023,Q1005066
Q1222023,Q1221932
Q1222023,Q1222098
Q1222023,Q1221943
Q1221915,Q525031
Q1221915,Q1222108
Q1221915,Q1222437
Q1221915,Q1074316
Q1221915,Q532360
Q7656694,Q7656697
Q7656694,Q7656719
Q7656694,Q3628683
Q7656694,Q7656681
Q7656694,Q5970589
Q15056225,Q15056224
Q15056225,Q15056223
Q15056225,Q15055081
Q15056225,Q848278
Q15056225,Q2268043
Q15056225,Q7400325
Q2308161,Q372925
Q2308161,Q15055001
Q2308161,Q1005042
Q4786036,Q4786038
Q4786036,Q4786037
Q4786036,Q1005808
Q4786036,Q2313564
Q1198508,Q784131
Q1198508,Q3879572
Q1198508,Q3879569
Q1005486,Q1004924
Q1005486,Q875653
Q1005486,Q843851
Q1005486,Q1005575
Q1005486,Q918076
Q1005486,Q848641
Q679802,Q1005230
Q1426735,Q942846
Q1426735,Q1422131
Q1426735,Q3628791
Q1426735,Q1408869
Q1426735,Q1408797
Q1426735,Q1408920
Q1426735,Q1408881
Q1426735,Q3628704
Q1426735,Q3628763
Q1426735,Q3628681
Q1426735,Q823675
Q15052025,Q15055037
Q15052025,Q14643284
Q15052025,Q15055038
Q15052025,Q776835
Q15052025,Q15052014
Q1222497,Q1222684
Q1222497,Q263070
Q1222497,Q1042644
Q1222497,Q1005621
Q1222497,Q15055031
Q1222497,Q15055032
Q7979984,Q7979987
Q7979984,Q3390067
Q7979984,Q7979991
Q7979984,Q4820134
Q7979984,Q7979983
Q7979984,Q4467910
Q7979984,Q7979985
Q7979984,Q7979988
Q918076,Q843851
Q918076,Q3879626
Q918076,Q2313564
Q918076,Q1005740
Q1222232,Q1004927
Q1222232,Q1222186
Q1222232,Q1222187
Q1222232,Q1221867
Q1222232,Q1222176
Q1222232,Q1004918
Q5198381,Q3046361
Q5198381,Q3561228
Q5198381,Q5198393
Q3499929,Q3565736
Q3499929,Q3565575
Q3499929,Q3565760
Q3499929,Q3499009
Q3499929,Q3499941
Q3499929,Q3500407
Q263070,Q615345
Q263070,Q1222684
Q263070,Q1222238
Q7674782,Q7674780
Q7674782,Q7674781
Q3400667,Q275887
Q3400667,Q3879617
Q15054999,Q15055011
Q15054999,Q916916
Q15054999,Q905715
Q15054999,Q3879650
Q15054999,Q848681
Q15054999,Q615345
Q15054999,Q3879596
Q15054999,Q15055002
Q841622,Q829370
Q841622,Q220866
Q904345,Q916976
Q904345,Q1432202
Q904345,Q2311876
Q904345,Q2306561
Q1432202,Q527985
Q1432202,Q3628760
Q1432202,Q3628772
Q1432202,Q2311876
Q1432202,Q2312004
Q22964447,Q22964450
Q22964447,Q22964453
Q22964447,Q22964454
Q22964447,Q22964455
Q1222127,Q1222108
Q1222127,Q525031
Q15055004,Q1004965
Q15055004,Q1004936
Q15055004,Q2312939
Q15055004,Q4443767
Q15055004,Q632742
Q15055004,Q15055001
Q15055004,Q15055980
Q15055004,Q2463752
Q4786041,Q4786042
Q4786041,Q4786045
Q4786041,Q4786048
Q4786041,Q3194709
Q4786041,Q7400329
Q4786041,Q3879563
Q975449,Q1377439
Q429621,Q905715
Q429621,Q848681
Q429621,Q15055002
Q429621,Q906117
Q429621,Q1004952
Q915092,Q847284
Q915092,Q847280
Q915092,Q776835
Q915092,Q15055031
Q942805,Q220866
Q942805,Q3879761
Q942805,Q1183979
Q1221917,Q1221798
Q1221917,Q1222124
Q1221917,Q1004968
Q1221917,Q1222137
Q1221917,Q1005189
Q1221917,Q25780
Q2329168,Q5443136
Q15056099,Q3879615
Q15056099,Q3879561
Q15056099,Q7500802
Q15056099,Q3628770
Q7500743,Q7500788
Q7500743,Q7500761
Q7500743,Q7500750
Q7500743,Q7500809
Q7500743,Q3628698
Q7500743,Q1405425
Q1222187,Q1004934
Q1222187,Q1005047
Q1222187,Q653672
Q1222187,Q1222186
Q1222187,Q1222101
Q1222187,Q1221932
Q1222124,Q1221798
Q1222124,Q1005189
Q1222124,Q1222137
Q1222124,Q825222
Q2460802,Q3879620
Q2460802,Q2557141
Q2358214,Q767959
Q637365,Q1426670
Q637365,Q3628792
Q637365,Q3879621
Q637365,Q1028699
Q7674793,Q7674792
Q7674793,Q3980076
Q7674793,Q7674790
Q22964450,Q22964458
Q22964450,Q22964454
Q2521899,Q3879648
Q2521899,Q3879659
Q2521899,Q962650
Q970610,Q1005155
Q970610,Q541316
Q970610,Q942891
Q970610,Q847284
Q6303884,Q6303889
Q6303884,Q6303888
Q6303884,Q4160922
Q827175,Q824919
Q827175,Q478542
Q827175,Q917760
Q827175,Q927998
Q7500822,Q7500804
Q7500822,Q4443766
Q7500822,Q7500814
Q3499038,Q3498926
Q3499038,Q3498605
Q3499038,Q8037908
Q3499038,Q3498614
Q3499038,Q3498949
Q3499038,Q3498697
Q3499038,Q8037906
Q956359,Q591555
Q956359,Q376518
Q956359,Q1004888
Q1222186,Q1004928
Q1222186,Q1221867
Q1222186,Q1222176
Q1222186,Q1222018
Q1222186,Q1004918
Q1222186,Q1004927
Q906117,Q670039
Q906117,Q905715
Q906117,Q875653
Q906117,Q629871
Q906117,Q843851
Q1222259,Q826560
Q1222259,Q1222238
Q1222259,Q1222498
Q955688,Q942891
Q955688,Q541316
Q955688,Q1005155
Q7656707,Q7656727
Q7656707,Q7656720
Q7656707,Q3879643
Q7656707,Q24906792
Q7656707,Q7656726
Q7656707,Q15055085
Q7656707,Q916916
Q7656707,Q939181
Q7656707,Q7656722
Q7656707,Q3879579
Q1222137,Q1221812
Q1222137,Q1004871
Q1222137,Q1005190
Q1222137,Q1221798
Q1222137,Q1422131
Q7500809,Q7500810
Q7500809,Q7500788
Q1222492,Q1005617
Q1222492,Q1222654
Q1222492,Q1222488
Q1222492,Q1222498
Q1222492,Q1005755
Q1222492,Q1005616
Q1222654,Q1005755
Q922361,Q848278
Q922361,Q2311887
Q922361,Q613746
Q922361,Q905715
Q922361,Q15056224
Q922361,Q15055031
Q922361,Q943291
Q922361,Q823754
Q922361,Q1222712
Q922361,Q1069209
Q870651,Q988370
Q870651,Q1005103
Q870651,Q1005214
Q870651,Q988348
Q870651,Q988362
Q25384916,Q25384913
Q25384916,Q25384919
Q25384916,Q25384917
Q25384916,Q25386266
Q6303861,Q10522572
Q6303861,Q6303859
Q6303861,Q10522549
Q6303861,Q10522577
Q6303861,Q10522594
Q914969,Q3998589
Q914969,Q3998590
Q914969,Q824803
Q1222101,Q1005133
Q1438466,Q3628783
Q1438466,Q3628702
Q1438466,Q1424018
Q1438466,Q2308435
Q1438466,Q847592
Q5198393,Q5198388
Q5198393,Q1421581
Q5198393,Q3628760
Q5198393,Q3561228
Q5198393,Q3561230
Q840683,Q829370
Q632742,Q632754
Q632742,Q647750
Q632742,Q38594
Q632742,Q25793
Q1221912,Q279234
Q1221912,Q339188
Q752428,Q927660
Q752428,Q589310
Q752428,Q752413
Q752428,Q757054
Q752428,Q1183979
Q1193810,Q1043614
Q1193810,Q2737200
Q1193810,Q165325
Q1193810,Q1141457
Q7500741,Q7500751
Q7500741,Q7500756
Q1222437,Q1222635
Q1222437,Q771123
Q1222437,Q848681
Q1222437,Q653672
Q1222437,Q1005557
Q7656701,Q7656684
Q7656701,Q7656692
Q7656701,Q5970589
Q7656701,Q1074357
Q7656701,Q1409048
Q7656701,Q3628764
Q7656701,Q10522587
Q7656701,Q3879668
Q7656701,Q3951952
Q7656701,Q1424018
Q3499009,Q3499898
Q3499009,Q3499066
Q3499009,Q3499941
Q3499009,Q3500417
Q1005036,Q1005040
Q1005036,Q683164
Q1005036,Q917328
Q1005036,Q3879654
Q1005036,Q1005018
Q1005036,Q3879565
Q1005036,Q3879570
Q15055029,Q15055038
Q15055029,Q15055018
Q15055029,Q267771
Q15055029,Q1004991
Q15055029,Q15055032
Q3001452,Q10522584
Q3001452,Q10522587
Q3001452,Q3628700
Q3001452,Q2313564
Q3001452,Q129295
Q7500830,Q4354615
Q7500830,Q2353523
Q7500830,Q7500832
Q7500830,Q7500810
Q7500830,Q7500786
Q7500830,Q7500764
Q15055018,Q15055031
Q15055018,Q15055035
Q15055018,Q15055025
Q15055018,Q1076253
Q910720,Q670039
Q910720,Q988367
Q910720,Q585893
Q962650,Q3628684
Q962650,Q2313511
Q7500802,Q7500799
Q7500802,Q7500779
Q7500802,Q2353533
Q7500802,Q1426809
Q526793,Q252875
Q526793,Q577507
Q526793,Q776870
Q31843483,Q1406131
Q31843483,Q31843484
Q31843483,Q3628703
Q31843483,Q31843481
Q1222018,Q1221943
Q1222018,Q1222165
Q1222018,Q1222488
Q1222018,Q1005065
Q1222018,Q3879563
Q1222018,Q1005066
Q7400345,Q7400349
Q7400345,Q7400330
Q7400345,Q7400347
Q940196,Q1346374
Q940196,Q736527
Q940196,Q1005782
Q940196,Q1433072
Q940196,Q1005606
Q7500810,Q7500786
Q7500810,Q7500761
Q7500810,Q2353475
Q7500810,Q988367
Q7500810,Q988359
Q7500810,Q988347
Q7500810,Q2353523
Q4903025,Q5644525
Q4903025,Q826846
Q4903025,Q824919
Q4903025,Q977229
Q4903025,Q4471528
Q30680431,Q30680433
Q30680431,Q3998587
Q7400325,Q7400317
Q7400325,Q7400323
Q7400325,Q7400318
Q7400325,Q2268043
Q7400325,Q372925
Q7400325,Q4786038
Q7400325,Q7400316
Q7400325,Q7400322
Q7400325,Q7400321
Q7400325,Q7400324
Q746397,Q825088
Q746397,Q1005811
Q746397,Q843851
Q746397,Q3628761
Q746397,Q15055001
Q746397,Q823194
Q1426854,Q2308435
Q1426854,Q3628792
Q1426854,Q1408897
Q1426854,Q3628773
Q1426854,Q3628689
Q1426854,Q3628761
Q1426854,Q2312939
Q1426854,Q3628683
Q1426854,Q3628692
Q1426854,Q26860
Q1426854,Q677027
Q1426854,Q3628765
Q1426854,Q38594
Q1426854,Q3628703
Q1426854,Q1424018
Q1426854,Q3879563
Q1426854,Q3879570
Q7400340,Q10609400
Q7400340,Q7400349
Q7400340,Q7400350
Q7400340,Q7400347
Q7400340,Q7400327
Q3046361,Q5198385
Q3046361,Q5198388
Q848641,Q905607
Q848641,Q826580
Q848641,Q1005334
Q848641,Q825058
Q848641,Q3628778
Q848641,Q4088891
Q848641,Q1005782
Q848641,Q15055001
Q829370,Q220866
Q829370,Q752413
Q635603,Q826846
Q635603,Q825222
Q3499066,Q8037903
Q3499066,Q3499898
Q3499066,Q8037905
Q782385,Q605663
Q782385,Q302701
Q782385,Q765044
Q7500832,Q5395306
Q7500832,Q7500829
Q7500832,Q1005606
Q7500832,Q25396733
Q7500832,Q7500812
Q1222251,Q1222639
Q1222251,Q1222257
Q1222251,Q1222526
Q6303859,Q10522572
Q6303859,Q10522549
Q6303859,Q10522555
Q2558792,Q1001497
Q2558792,Q2341653
Q18728,Q18713
Q18728,Q905503
Q18728,Q3730943
Q18728,Q2463752
Q736527,Q7500838
Q736527,Q2268043
Q736527,Q372925
Q736527,Q3879596
Q736527,Q1346374
Q736527,Q4786050
Q736527,Q4354074
Q736527,Q5481589
Q24906792,Q7656719
Q7400344,Q10609400
Q7400344,Q7400347
Q3390067,Q7979991
Q3390067,Q13572928
Q3390067,Q4467907
Q3390067,Q7979985
Q3390067,Q7979983
Q3390067,Q25239314
Q3390067,Q7979988
Q3390067,Q7979987
Q22964444,Q22964438
Q4951843,Q4951844
Q4951843,Q4951848
Q1005262,Q1005230
Q2269694,Q2297633
Q30680433,Q31843481
Q30680433,Q3628691
Q2410252,Q782722
Q847592,Q1432033
Q847592,Q2557677
Q847592,Q886359
Q1222641,Q1005744
Q1222641,Q1222203
Q1222641,Q784131
Q1222641,Q2557129
Q1222641,Q1222209
Q1222641,Q1222255
Q1222641,Q3628679
Q1222641,Q1222713
Q2269716,Q3879588
Q2269716,Q905555
Q2269716,Q3879594
Q2269716,Q3879596
Q2269716,Q370863
Q2634499,Q830711
Q2634499,Q2312939
Q2634499,Q2723756
Q2634499,Q936622
Q2634499,Q2313443
Q905715,Q848681
Q905715,Q784131
Q905715,Q1222014
Q905715,Q15055001
Q905715,Q15055031
Q905715,Q15055002
Q905715,Q670039
Q905715,Q3998590
Q905715,Q1222712
Q905715,Q4088890
Q905715,Q3879576
Q936622,Q900405
Q936622,Q2318836
Q936622,Q2552272
Q936622,Q2445057
Q7400317,Q7400323
Q7400317,Q7400318
Q7400317,Q7400316
Q7400317,Q7400324
Q7400317,Q7400321
Q7400317,Q4354074
Q7400350,Q10609400
Q15052022,Q15052019
Q15052022,Q14643284
Q1426826,Q582514
Q1426826,Q988361
Q1426826,Q629871
Q1426826,Q826580
Q1426826,Q372925
Q1426826,Q988359
Q919242,Q919388
Q919242,Q2390636
Q919242,Q919261
Q901754,Q589310
Q901754,Q901122
Q901754,Q562654
Q901754,Q927660
Q901754,Q757054
Q853040,Q3628763
Q853040,Q3628767
Q853040,Q752413
Q853040,Q919261
Q853040,Q3879615
Q853040,Q2313511
Q853040,Q570058
Q853040,Q3628766
Q1222257,Q1005333
Q1222257,Q4088890
Q1222257,Q4088891
Q919388,Q919261
Q919388,Q2390636
Q15056224,Q2313481
Q15055037,Q15055038
Q15055037,Q15055031
Q7500798,Q7500799
Q7500798,Q7500774
Q7500798,Q7500801
Q901122,Q536083
Q901122,Q562647
Q901122,Q1408876
Q901122,Q927660
Q901122,Q7500772
Q901122,Q589310
Q2303578,Q972253
Q2303578,Q934172
Q1222203,Q1222713
Q1222203,Q1005284
Q1222203,Q952970
Q1222203,Q1222209
Q853023,Q947678
Q853023,Q853072
Q853023,Q1408927
Q853023,Q1408856
Q853023,Q1005804
Q4786038,Q4786037
Q4786038,Q4786045
Q4786038,Q165325
Q15055081,Q15055079
Q15055081,Q26860
Q15055081,Q2318914
Q15055081,Q1004863
Q15055081,Q988363
Q15055081,Q841942
Q7674779,Q3980075
Q7674779,Q7674776
Q7674779,Q7674778
Q7674779,Q7674788
Q7674779,Q7674777
Q7674779,Q3980076
Q2451718,Q737732
Q7656727,Q7656720
Q7656727,Q15055011
Q7656727,Q15055085
Q7656727,Q3879667
Q7656727,Q3879608
Q25396733,Q7500829
Q25396733,Q4354615
Q25396733,Q5395306
Q25396733,Q7500768
Q25396733,Q4354069
Q7500799,Q7500784
Q916724,Q916916
Q916724,Q843851
Q916724,Q988367
Q916724,Q848689
Q916724,Q916174
Q2268100,Q2268082
Q2268100,Q763031
Q2268100,Q905503
Q2268100,Q4443767
Q1005434,Q2390636
Q917743,Q2574045
Q917743,Q1005801
Q917743,Q1221836
Q15055079,Q3628684
Q1360804,Q1360866
Q1360804,Q1202903
Q1360804,Q1344366
Q1360804,Q3879642
Q1360804,Q3899249
Q1360804,Q2558525
Q1222176,Q1221867
Q1222176,Q1221922
Q1222176,Q1004918
Q1222176,Q915058
Q1222176,Q843860
Q1222176,Q653672
Q1222176,Q947678
Q1222176,Q853049
Q1222176,Q848655
Q2723756,Q2313443
Q2723756,Q2557129
Q2723756,Q2318836
Q2723756,Q2552272
Q2723756,Q3879576
Q963453,Q963481
Q963453,Q276040
Q1222165,Q1221943
Q1222165,Q1222173
Q1222165,Q1005066
Q1222165,Q1004985
Q2390636,Q25455359
Q683164,Q1005040
Q683164,Q1141105
Q683164,Q3879595
Q683164,Q1005018
Q683164,Q599322
Q683164,Q3879593
Q683164,Q3879574
Q2380135,Q241789
Q2380135,Q2196657
Q339188,Q279234
Q3499941,Q3565760
Q3499941,Q3500383
Q3499941,Q3500417
Q3499941,Q3565575
Q241789,Q1004896
Q241789,Q1371783
Q1222108,Q525031
Q7656716,Q7656691
Q7656716,Q7656714
Q15055001,Q15055084
Q15055001,Q15055087
Q15055001,Q825058
Q15055001,Q843851
Q15055001,Q1004936
Q15055001,Q15055031
Q15055001,Q13655354
Q15055001,Q1005782
Q947678,Q587012
Q947678,Q3628696
Q1005606,Q2254560
Q1005606,Q1346374
Q1005606,Q5395306
Q1005606,Q4357642
Q1005606,Q659097
Q1005606,Q917328
Q1005606,Q7500829
Q1005606,Q7500772
Q1005606,Q1423968
Q7656720,Q7656722
Q7656720,Q7656726
Q7656720,Q1074316
Q7656720,Q916916
Q7656720,Q3879662
Q7656720,Q7656719
Q7656720,Q1141034
Q782722,Q2361588
Q3498614,Q3498573
Q3498614,Q3498605
Q3498614,Q8037907
Q3498614,Q311161
Q275887,Q276040
Q275887,Q128040
Q275887,Q2995946
Q15021060,Q15052014
Q15021060,Q1005047
Q15021060,Q1004924
Q15021060,Q1004991
Q15021060,Q988363
Q15021060,Q256759
Q15021060,Q988348
Q7656713,Q7656681
Q1221812,Q1004871
Q1221812,Q1005190
Q1221812,Q1222133
Q1221812,Q1221798
Q6303882,Q6303877
Q6303882,Q6303879
Q6303882,Q4160926
Q6303882,Q4160927
Q220386,Q848689
Q220386,Q916916
Q220386,Q848655
Q938791,Q916747
Q938791,Q15056222
Q938791,Q938779
Q938791,Q905485
Q1005363,Q1415848
Q1005363,Q10522584
Q1005363,Q659097
Q1005363,Q3561235
Q1005363,Q5198390
Q1005363,Q1421581
Q1005363,Q3561232
Q7400316,Q7400323
Q7400316,Q7400324
Q7400316,Q7400321
Q7400316,Q824928
Q1005614,Q1203058
Q7500834,Q7500836
Q7500834,Q4354615
Q7500834,Q3879563
Q7500834,Q372925
Q7500834,Q1344366
Q7500834,Q962842
Q7500834,Q7500849
Q7500834,Q2353509
Q927660,Q536083
Q927660,Q2308435
Q629871,Q531844
Q629871,Q251465
Q629871,Q372925
Q629871,Q1004937
Q629871,Q988367
Q629871,Q826580
Q629871,Q10522587
Q629871,Q3879627
Q629871,Q3628699
Q848278,Q916976
Q848278,Q2318914
Q310960,Q328723
Q310960,Q740528
Q310960,Q160215
Q310960,Q170035
Q310960,Q478626
Q310960,Q219424
Q310960,Q166262
Q310960,Q858467
Q310960,Q182763
Q916711,Q843851
Q916711,Q848655
Q2196657,Q963420
Q15056222,Q15056223
Q15056222,Q3879604
Q1222134,Q1004869
Q1222134,Q1222133
Q1222134,Q938779
Q1222134,Q1004968
Q1346374,Q5395306
Q1346374,Q2254560
Q1346374,Q7500829
Q1346374,Q7500793
Q1346374,Q943291
Q903439,Q3628783
Q903439,Q3628702
Q905555,Q916930
Q905555,Q1408876
Q905555,Q38599
Q727488,Q10522587
Q727488,Q2995946
Q727488,Q1004892
Q727488,Q3879585
Q1222209,Q1222526
Q1222209,Q1222712
Q1222209,Q541316
Q2353509,Q921100
Q2353509,Q962842
Q2353509,Q7500849
Q2353509,Q1360866
Q2353509,Q7500772
Q15052019,Q14643284
Q531844,Q596754
Q531844,Q251465
Q531844,Q267771
Q531844,Q1004991
Q531844,Q372925
Q1004896,Q1004861
Q1004896,Q1371783
Q1004896,Q7979998
Q1004896,Q729339
Q1222646,Q1005749
Q1222646,Q1222214
Q1222646,Q917760
Q916771,Q905540
Q276040,Q128040
Q276040,Q3001405
Q905659,Q921409
Q905659,Q1005041
Q1222066,Q591555
Q1222066,Q1221836
Q1222066,Q1222014
Q1222066,Q1222287
Q1222066,Q1221934
Q7979973,Q7979985
Q7979973,Q7400318
Q7979973,Q302701
Q7979973,Q7979975
Q7979973,Q7979971
Q25386262,Q25386268
Q25386262,Q25386266
Q31843481,Q988363
Q31843481,Q31843476
Q31843481,Q31843484
Q31843481,Q3998587
Q7500753,Q7500760
Q7500753,Q7500777
Q938779,Q916747
Q7400318,Q7400323
Q7400318,Q7400321
Q7656726,Q7656722
Q3498949,Q3498605
Q3498949,Q8037901
Q3498949,Q8037906
Q3498949,Q8037907
Q3498949,Q3498666
Q3498949,Q3499058
Q1426670,Q3628710
Q1426670,Q2311149
Q1426670,Q955943
Q1426670,Q3628709
Q1426670,Q1409616
Q1433072,Q613746
Q1433072,Q2311975
Q1433072,Q1005801
Q1433072,Q372925
Q1433072,Q3879563
Q5198385,Q5198388
Q5198385,Q3194709
Q280553,Q1221867
Q280553,Q1004918
Q280553,Q1004888
Q280553,Q256759
Q280553,Q256529
Q280553,Q1005108
Q15052014,Q15055038
Q7500838,Q5481589
Q7500838,Q4354074
Q7500838,Q2353533
Q7500838,Q7400329
Q1432033,Q3628783
Q1432033,Q2557677
Q1432033,Q3628680
Q1432033,Q916976
Q1432033,Q4786050
Q1432033,Q886359
Q7500750,Q3628777
Q7500750,Q3628695
Q7500750,Q7500772
Q7500750,Q4443767
Q7500750,Q7500829
Q7500750,Q7500796
Q7500750,Q562654
Q7500750,Q1405425
Q850209,Q1005189
Q850209,Q3628682
Q850209,Q905485
Q850209,Q1005190
Q850209,Q1005172
Q7500804,Q7500791
Q7400335,Q7400329
Q7400335,Q7400327
Q7400335,Q1004892
Q7400335,Q7400333
Q7674778,Q7674777
Q7674778,Q7674780
Q917760,Q771123
Q917760,Q2574045
Q917760,Q825088
Q7400322,Q7400323
Q15055011,Q15055085
Q15055011,Q2332511
Q750803,Q1222483
Q750803,Q1005753
Q750803,Q823663
Q942846,Q1422131
Q942846,Q3879630
Q942846,Q3628767
Q942846,Q3628763
Q942846,Q3628759
Q942846,Q2311876
Q942846,Q1424018
Q942846,Q3628791
Q7674788,Q3980076
Q7674788,Q3980075
Q4951837,Q4951845
Q4951837,Q4951844
Q4951837,Q4951848
Q1202903,Q1344366
Q1202903,Q1360866
Q1202903,Q903679
Q1202903,Q7500793
Q4786045,Q4786051
Q4786045,Q4786044
Q850196,Q905561
Q850196,Q1222483
Q850196,Q1222498
Q15055087,Q15055084
Q15055087,Q15055085
Q15055087,Q632472
Q302701,Q605663
Q302701,Q765044
Q302701,Q5644525
Q302701,Q905485
Q7979969,Q7979999
Q7979969,Q7979971
Q776835,Q921409
Q6303889,Q4160925
Q6303889,Q10466381
Q6303889,Q4160922
Q5198392,Q3628772
Q5198392,Q2774005
Q7500807,Q4443763
Q7500807,Q7500785
Q4951842,Q4951844
Q4951842,Q4951845
Q4951842,Q4951847
Q1339098,Q934172
Q946243,Q988351
Q946243,Q251465
Q946243,Q372925
Q946243,Q1004964
Q946243,Q5448039
Q946243,Q1005333
Q7500814,Q4357642
Q7500814,Q7500791
Q7500814,Q1004861
Q7500814,Q921100
Q843860,Q1221867
Q843860,Q532360
Q843860,Q7656722
Q843860,Q3879598
Q220866,Q752413
Q1222238,Q826560
Q830711,Q853072
Q830711,Q917328
Q830711,Q677027
Q25384919,Q25384917
Q25384919,Q25386279
Q25384919,Q25384913
Q1426809,Q3628776
Q1426809,Q2311149
Q1426809,Q2311887
Q1426809,Q2353533
Q1426809,Q7500849
Q1426809,Q3628774
Q905561,Q938164
Q3499898,Q8037903
Q3499898,Q8037900
Q3499898,Q3500407
Q3499898,Q3565605
Q3499898,Q3500383
Q3499898,Q8037905
Q4471528,Q977229
Q4471528,Q3001408
Q4471528,Q1074357
Q4471528,Q1004964
Q4471528,Q1203058
Q853049,Q2313443
Q853049,Q848655
Q853049,Q3879596
Q2362858,Q1005298
Q784131,Q3628680
Q784131,Q3879619
Q784131,Q3628772
Q784131,Q3879594
Q784131,Q1408846
Q784131,Q3628767
Q108006,Q1129069
Q108006,Q1470767
Q108006,Q498910
Q108006,Q1129381
Q108006,Q720357
Q108006,Q580716
Q108006,Q2529557
Q108006,Q161087
Q108006,Q836821
Q108006,Q167726
Q108006,Q269912
Q108006,Q3018583
Q1202770,Q10522584
Q1202770,Q3561235
Q7400332,Q7400330
Q7400332,Q7400349
Q7400332,Q7400327
Q853072,Q3879596
Q853072,Q3628683
Q1222080,Q1222255
Q1004892,Q3879565
Q1004892,Q826510
Q1004892,Q1408876
Q1004892,Q38594
Q1004892,Q1115025
Q1004892,Q3628792
Q1004892,Q1076363
Q1004892,Q1076295
Q1222173,Q1222098
Q1222173,Q1221877
Q1222173,Q653672
Q1222173,Q1221922
Q1222173,Q1005066
Q4951841,Q4951845
Q4951841,Q4951844
Q1222255,Q1005328
Q962842,Q1360834
Q962842,Q763031
Q962842,Q7500849
Q977229,Q3628684
Q1222483,Q1222498
Q1222483,Q1005753
Q963481,Q1422131
Q963481,Q886372
Q1221867,Q1221922
Q1221867,Q1005108
Q1221867,Q786799
Q1221867,Q13655354
Q5198382,Q1421749
Q5198382,Q3561235
Q5198382,Q4088891
Q5198382,Q825058
Q5198382,Q2995946
Q5198382,Q5198390
Q5198382,Q10522587
Q7656719,Q7656722
Q1222287,Q1005351
Q1222287,Q1222014
Q1222287,Q3879653
Q1222287,Q3879656
Q1222287,Q3879585
Q1222287,Q2312939
Q1222287,Q3628761
Q1222287,Q927998
Q7400349,Q7400330
Q532360,Q1004914
Q532360,Q1004964
Q532360,Q255955
Q532360,Q1005158
Q826846,Q825222
Q826846,Q826519
Q826846,Q1222713
Q826846,Q1222717
Q15055072,Q15055085
Q766954,Q2303535
Q766954,Q31843484
Q766954,Q1423968
Q766954,Q3628708
Q527985,Q2558493
Q527985,Q3879618
Q527985,Q1422103
Q4951845,Q4951848
Q4951845,Q4951844
Q4951845,Q4951847
Q4951845,Q4951840
Q1005040,Q1005018
Q1005040,Q3879574
Q1005040,Q372925
Q1005040,Q3879587
Q1005040,Q3879597
Q1005040,Q3879585
Q1005040,Q916930
Q1005040,Q2303535
Q1005040,Q3879607
Q1005040,Q1005811
Q1005040,Q1004965
Q757054,Q589310
Q757054,Q752413
Q1005230,Q140244
Q2521952,Q2289605
Q7979975,Q7979987
Q7979975,Q7979994
Q28402472,Q10466376
Q28402472,Q10466384
Q754844,Q3628761
Q754844,Q2463752
Q754844,Q26860
Q754844,Q1005744
Q754844,Q10684072
Q754844,Q10719573
Q7674780,Q7674781
Q7674780,Q7674790
Q934172,Q1005272
Q1360866,Q1344366
Q1360866,Q7500849
Q1360866,Q3899249
Q1360866,Q2558525
Q1360866,Q823194
Q848689,Q15055032
Q848689,Q1005044
Q15055085,Q2332511
Q15055085,Q15055084
Q1222526,Q1222712
Q1222526,Q1221934
Q1222526,Q653672
Q1222526,Q1222639
Q1222526,Q1005286
Q1222526,Q1005805
Q15055980,Q15055038
Q3498926,Q3498573
Q3498926,Q8037902
Q3498926,Q8037969
Q647742,Q5443151
Q647742,Q25780
Q647742,Q25803
Q647742,Q632472
Q15055031,Q14643284
Q15055031,Q3998589
Q15055031,Q1222014
Q15055031,Q3879655
Q15055031,Q15055032
Q15055031,Q824803
Q15055031,Q1005041
Q591556,Q303862
Q591556,Q1519049
Q591556,Q833566
Q171745,Q3018583
Q2322860,Q22964455
Q2322860,Q22964459
Q952970,Q825088
Q952970,Q1222684
Q952970,Q1222635
Q952970,Q1222721
Q7674777,Q3980074
Q4786042,Q4786044
Q4786042,Q4786050
Q765044,Q5644525
Q765044,Q605663
Q765044,Q1005365
Q765044,Q7500760
Q841942,Q2318914
Q841942,Q1004965
Q841942,Q988347
Q841942,Q988363
Q841942,Q10426127
Q7400346,Q7400339
Q647750,Q632754
Q647750,Q5443153
Q647750,Q13424670
Q647750,Q5443151
Q7500821,Q4443766
Q7500821,Q7500771
Q7400333,Q7400327
Q1222639,Q1222712
Q4786037,Q4786044
Q4786037,Q4786050
Q793973,Q794388
Q793973,Q8037963
Q793973,Q8037970
Q827019,Q826580
Q827019,Q826560
Q2352412,Q2352927
Q4951844,Q4951848
Q4951844,Q4951838
Q4951844,Q4951847
Q938164,Q385894
Q938164,Q3879616
Q763031,Q4354069
Q763031,Q2268082
Q763031,Q7500771
Q3001405,Q128040
Q3001405,Q1422131
Q905485,Q587805
Q905485,Q786799
Q25384917,Q25384913
Q25384917,Q25386279
Q302955,Q8037963
Q302955,Q3628775
Q4786044,Q4786050
Q4786044,Q2328217
Q1221932,Q1222098
Q1221932,Q1221927
Q1221932,Q825088
Q1221932,Q1005124
Q494722,Q841515
Q494722,Q270410
Q494722,Q1141111
Q494722,Q160618
Q494722,Q270351
Q494722,Q1199323
Q494722,Q472361
Q963420,Q729339
Q963420,Q955487
Q2774005,Q3628779
Q2774005,Q2426715
Q7674790,Q7674792
Q7674790,Q7674791
Q7674790,Q886359
Q1222098,Q1005124
Q632472,Q25939
Q632472,Q5443136
Q632472,Q15055084
Q632472,Q25793
Q915058,Q653672
Q915058,Q847284
Q15056267,Q15056065
Q15056267,Q4354069
Q7500745,Q7500760
Q7500745,Q5395306
Q7500745,Q7500764
Q1203058,Q1421727
Q1203058,Q3001408
Q1203058,Q4443767
Q1203058,Q3730943
Q1005018,Q1076288
Q1005018,Q1141105
Q1005018,Q677027
Q1005018,Q3628761
Q1005018,Q1408876
Q1005018,Q3879593
Q632754,Q5443153
Q632754,Q13424670
Q916916,Q848655
Q916916,Q3879650
Q916916,Q615345
Q7400329,Q3879563
Q7400329,Q1344366
Q939181,Q615345
Q7500817,Q4443764
Q7500817,Q4354069
Q7500817,Q3879615
Q7500817,Q3879645
Q7500817,Q4443766
Q6303879,Q6303877
Q6303879,Q10522550
Q309621,Q842720
Q848681,Q615345
Q848681,Q3879596
Q1221793,Q952458
Q1221793,Q252584
Q1221793,Q826500
Q6303863,Q10466402
Q6303863,Q6303864
Q6303863,Q10466376
Q2353475,Q2353523
Q2353475,Q7500761
Q2353475,Q5395306
Q2353475,Q1005172
Q2353475,Q7500786
Q2353475,Q3879648
Q1344366,Q3628761
Q1344366,Q825058
Q1344366,Q7500791
Q1344366,Q3899244
Q1344366,Q582514
Q1344366,Q1408300
Q955943,Q1409616
Q955943,Q1408927
Q955943,Q1408797
Q955943,Q3628709
Q955943,Q3628694
Q955943,Q3628710
Q955943,Q2311149
Q659097,Q249265
Q659097,Q3628682
Q659097,Q1130659
Q659097,Q3628761
Q659097,Q10495988
Q659097,Q377600
Q659097,Q1408876
Q786799,Q1004952
Q786799,Q1004860
Q786799,Q587805
Q786799,Q15056223
Q536083,Q562647
Q536083,Q2308435
Q536083,Q589310
Q2529557,Q269912
Q2529557,Q1139794
Q2529557,Q1140085
Q2529557,Q1127709
Q2529557,Q164963
Q2529557,Q580716
Q2529557,Q160618
Q7674791,Q3980075
Q6303877,Q4160926
Q6303877,Q4160924
Q6303877,Q10522550
Q249265,Q3879629
Q249265,Q3628773
Q7656722,Q3879655
Q7656722,Q7656697
Q7656722,Q165394
Q2995946,Q10522587
Q7500812,Q5395306
Q7500812,Q4354074
Q7500812,Q5481589
Q653672,Q1004924
Q653672,Q847280
Q653672,Q1222014
Q653672,Q1221934
Q653672,Q825048
Q653672,Q15055002
Q653672,Q1221836
Q653672,Q847284
Q653672,Q905607
Q653672,Q919261
Q653672,Q3879615
Q653672,Q587012
Q653672,Q3879645
Q653672,Q1222712
Q653672,Q2311908
Q653672,Q824919
Q653672,Q1042644
Q1426702,Q3628764
Q1426702,Q26860
Q1426702,Q917328
Q1426702,Q875653
Q1426702,Q988363
Q1426702,Q988351
Q1426702,Q15055075
Q1426702,Q3628682
Q1426702,Q3628792
Q1426702,Q1408901
Q15055002,Q2557129
Q15055002,Q3879588
Q15055002,Q587012
Q15055002,Q1074316
Q7656681,Q677027
Q7656681,Q875653
Q886372,Q384008
Q886372,Q886359
Q7500796,Q4443767
Q7500796,Q7500772
Q7500796,Q3628777
Q7500796,Q595055
Q7500796,Q7500761
Q7500796,Q7500786
Q7656697,Q2558983
Q7656697,Q3879657
Q7656697,Q1005065
Q7656697,Q5970589
Q7400313,Q988362
Q7400313,Q15055075
Q4951838,Q4951848
Q7674792,Q3980076
Q7674792,Q3980074
Q15056223,Q1004991
Q15056223,Q843851
Q645460,Q3628696
Q645460,Q3628698
Q645460,Q875653
Q645460,Q1074357
Q645460,Q31843484
Q645460,Q3628785
Q645460,Q3628695
Q1221934,Q376518
Q1221934,Q1222014
Q1221934,Q1221836
Q1221934,Q847284
Q1221934,Q1005782
Q6303888,Q10466381
Q6303888,Q4160922
Q6303888,Q4160923
Q7656684,Q7656692
Q7656684,Q5970589
Q7656684,Q3879641
Q7656684,Q3879648
Q2297633,Q1421581
Q771123,Q615345
Q3498666,Q3499058
Q3498666,Q3498605
Q3498666,Q3498697
Q3498666,Q3498573
Q3498666,Q8037901
Q3498666,Q3837499
Q5124014,Q5448039
Q5124014,Q5448040
Q1222498,Q1005618
Q1222498,Q1222301
Q1222498,Q1005757
Q7500801,Q7500776
Q7500801,Q7500774
Q7500801,Q7500782
Q7500801,Q4354069
Q4951848,Q4951840
Q15055032,Q15055025
Q15055032,Q15055038
Q15055032,Q1005805
Q15055032,Q1005801
Q15055032,Q988367
Q15055032,Q988372
Q15055032,Q824803
Q875653,Q1076288
Q875653,Q3879604
Q875653,Q267771
Q875653,Q1423968
Q875653,Q843851
Q875653,Q26860
Q875653,Q670039
Q875653,Q3001408
Q875653,Q3628682
Q875653,Q1005188
Q875653,Q3879585
Q875653,Q1005575
Q875653,Q988361
Q875653,Q825058
Q875653,Q3879587
Q875653,Q988348
Q875653,Q1005042
Q875653,Q3561232
Q875653,Q3879660
Q5395306,Q7500829
Q5395306,Q4354615
Q5395306,Q7500793
Q5395306,Q3879587
Q5395306,Q4354069
Q5395306,Q2254560
Q5395306,Q7500772
Q5395306,Q3899247
Q5395306,Q3899249
Q5395306,Q582514
Q1222301,Q1005374
Q7656691,Q3879585
Q7656691,Q3628689
Q916976,Q2558493
Q916976,Q5481589
Q916976,Q3628759
Q916976,Q1422103
Q916930,Q3628761
Q916930,Q31843476
Q752413,Q1183979
Q752413,Q562647
Q900405,Q2318836
Q900405,Q2552272
Q900405,Q2558493
Q31843484,Q3628703
Q31843484,Q3628705
Q31843484,Q31843476
Q31843484,Q3628698
Q31843484,Q26860
Q31843484,Q38412
Q31843484,Q1156252
Q2268043,Q2353533
Q2268043,Q2254560
Q2268043,Q7500779
Q2268043,Q5644525
Q2268043,Q7500760
Q2254560,Q7500829
Q1221927,Q1005042
Q1221927,Q1005044
Q1221927,Q3628760
Q826560,Q826580
Q826560,Q1222721
Q1476272,Q164804
Q1476272,Q219424
Q1476272,Q267866
Q1476272,Q842720
Q1476272,Q249288
Q1476272,Q472361
Q1476272,Q161087
Q1476272,Q229599
Q1476272,Q836821
Q1476272,Q726294
Q1476272,Q160618
Q1476272,Q908982
Q1476272,Q1140578
Q1005272,Q384008
Q670039,Q1005042
Q670039,Q843851
Q2332511,Q3879589
Q2332511,Q22964438
Q2455198,Q22964455
Q7400324,Q7400323
Q1221836,Q1222014
Q1221836,Q1004888
Q921100,Q1360834
Q847284,Q847280
Q847284,Q1221922
Q848291,Q3628775
Q848291,Q3628695
Q848291,Q3628777
Q848291,Q3628786
Q906854,Q7979997
Q906854,Q7979994
Q7500751,Q11883936
Q7500751,Q7500774
Q7674776,Q3980075
Q810012,Q834021
Q810012,Q1346982
Q810012,Q219424
Q810012,Q156608
Q810012,Q108543
Q810012,Q684470
Q810012,Q165817
Q810012,Q164813
Q810012,Q851095
Q810012,Q1140578
Q810012,Q228936
Q810012,Q270215
Q922248,Q3628710
Q922248,Q1005746
Q267771,Q1115025
Q267771,Q3879561
Q267771,Q3879569
Q267771,Q3879585
Q267771,Q825731
Q267771,Q2353523
Q905503,Q843851
Q905503,Q825058
Q905503,Q4443767
Q905503,Q129295
Q905503,Q38594
Q905503,Q25939
Q905503,Q1074316
Q905503,Q3628699
Q905503,Q1004888
Q25386268,Q38412
Q25386268,Q25386266
Q2353533,Q7500849
Q2353533,Q3628698
Q2353533,Q2311887
Q2353533,Q1005172
Q6303864,Q10466376
Q6303864,Q10466384
Q6303864,Q10466402
Q952458,Q252584
Q15055075,Q843851
Q15055075,Q1005575
Q15055075,Q1027135
Q5198390,Q1421749
Q5198390,Q5198388
Q5198390,Q2445057
Q5198390,Q1421727
Q916174,Q1005575
Q916174,Q3879632
Q916174,Q22964458
Q4951836,Q10706348
Q4951836,Q10719575
Q3498605,Q8037909
Q3498605,Q8037906
Q3498605,Q3499058
Q3498605,Q8037907
Q3498605,Q8037908
Q22964438,Q5443144
Q15055084,Q4443767
Q4786048,Q4786051
Q4786048,Q4786058
Q917328,Q677027
Q917328,Q1408901
Q917328,Q3628773
Q917328,Q3628761
Q917328,Q3879596
Q1221875,Q1221877
Q1221875,Q1004991
Q4786050,Q2328217
Q4786050,Q4354074
Q1222214,Q1005296
Q1222214,Q1222717
Q942891,Q541316
Q942891,Q1005155
Q942891,Q1004863
Q942891,Q1005811
Q942891,Q1004961
Q942891,Q1004952
Q776870,Q1221778
Q776870,Q577507
Q776870,Q252875
Q1360834,Q3628778
Q1360834,Q4357642
Q1004861,Q25239317
Q1221922,Q256759
Q1221922,Q1221877
Q943291,Q3628772
Q943291,Q3628760
Q943291,Q613746
Q927998,Q824919
Q927998,Q478542
Q927998,Q128040
Q927998,Q825048
Q927998,Q2310230
Q385894,Q38412
Q385894,Q3879574
Q385894,Q3879616
Q677027,Q2312939
Q677027,Q3628773
Q677027,Q3628761
Q677027,Q2303535
Q677027,Q10497007
Q677027,Q384008
Q677027,Q3628683
Q677027,Q1424018
Q677027,Q377600
Q677027,Q1405425
Q843851,Q848655
Q843851,Q825058
Q843851,Q15055025
Q843851,Q776944
Q843851,Q38594
Q843851,Q3628764
Q843851,Q3628785
Q843851,Q3879593
Q843851,Q1004926
Q843851,Q1004869
Q843851,Q1005575
Q843851,Q1005571
Q843851,Q3879604
Q843851,Q988361
Q843851,Q1005292
Q843851,Q2312939
Q843851,Q826487
Q843851,Q3879587
Q843851,Q988348
Q843851,Q1005042
Q843851,Q3561232
Q15055035,Q15055025
Q15055035,Q3879615
Q15055035,Q848655
Q4820134,Q4467907
Q4820134,Q7979997
Q4820134,Q7979999
Q4820134,Q7979985
Q4820134,Q7979983
Q4820134,Q7979994
Q4820134,Q7979988
Q4786051,Q579346
Q4786051,Q3991750
Q300842,Q841476
Q300842,Q841515
Q300842,Q844883
Q15055025,Q1004937
Q15055025,Q2312939
Q7656692,Q3879620
Q7656692,Q1028699
Q7656692,Q3879585
Q7656692,Q3628708
Q7656692,Q1076288
Q776944,Q3628700
Q776944,Q3628701
Q776944,Q1424018
Q776944,Q3561232
Q776944,Q3628773
Q1222133,Q1005192
Q1222133,Q1004870
Q31843476,Q2306561
Q31843476,Q2303728
Q31843476,Q3730943
Q31843476,Q38594
Q7500836,Q4357642
Q7500836,Q4354615
Q7500836,Q4443767
Q1221798,Q1004968
Q1221798,Q1005189
Q2574045,Q1042644
Q2574045,Q1222717
Q2574045,Q615345
Q2574045,Q3879587
Q3498697,Q3498573
Q3498697,Q3837498
Q3498697,Q8037901
Q256759,Q1004918
Q256759,Q1005047
Q256759,Q1004991
Q256759,Q384008
Q256759,Q1004924
Q256759,Q1005063
Q256759,Q1005576
Q2353523,Q4354615
Q2353523,Q825731
Q848655,Q3879596
Q848655,Q905607
Q25386266,Q3951952
Q25386266,Q25939
Q7979983,Q7979991
Q7979983,Q13572928
Q905607,Q478542
Q905607,Q825058
Q905607,Q587012
Q905607,Q886359
Q847280,Q256529
Q847280,Q1004924
Q1222635,Q1005741
Q947691,Q2552272
Q3194709,Q3561235
Q3194709,Q25793
Q4786058,Q2328217
Q4786058,Q579346
Q4786058,Q1408300
Q1221877,Q1004987
Q1221877,Q825048
Q1221877,Q1076376
Q1221877,Q1004989
Q826580,Q1005313
Q826580,Q988367
Q826580,Q988363
Q826580,Q1005334
Q826580,Q1005331
Q811023,Q229599
Q811023,Q168010
Q811023,Q270215
Q811023,Q478626
Q811023,Q478212
Q811023,Q1125451
Q811023,Q162277
Q811023,Q161400
Q811023,Q1129069
Q811023,Q741196
Q811023,Q182763
Q811023,Q267866
Q7500829,Q4354615
Q7500829,Q4354074
Q3499058,Q8037901
Q3499058,Q8037909
Q3499058,Q3565605
Q916747,Q1074316
Q916747,Q587012
Q7500849,Q823194
Q7500849,Q4443766
Q5198388,Q1415848
Q5198388,Q10522584
Q5198388,Q3561232
Q5198388,Q3561235
Q5198388,Q1156252
Q3498573,Q3837499
Q1222488,Q1005616
Q919261,Q825048
Q919261,Q3628704
Q919261,Q1069209
Q3001408,Q129295
Q3001408,Q26860
Q3001408,Q1074357
Q3001408,Q2297686
Q3001408,Q3628764
Q3001408,Q3879616
Q3001408,Q3951952
Q1475136,Q1346982
Q1475136,Q219424
Q1475136,Q169082
Q1475136,Q855222
Q160618,Q1123621
Q160618,Q165392
Q160618,Q1356402
Q160618,Q977750
Q160618,Q165817
Q160618,Q269912
Q1393668,Q1471937
Q839596,Q163549
Q839596,Q271006
Q839596,Q165817
Q839596,Q472361
Q269692,Q844068
Q269692,Q1129534
Q1473878,Q855222
Q108543,Q270215
Q108543,Q167726
Q108543,Q241218
Q108543,Q164417
Q108543,Q1470767
Q108543,Q1129381
Q108543,Q272064
Q321561,Q1125451
Q321561,Q913440
Q321561,Q580716
Q321561,Q1127184
Q321561,Q844068
Q321561,Q270351
Q1346982,Q219424
Q1346982,Q841515
Q1346982,Q168862
Q580716,Q1125451
Q580716,Q854589
Q580716,Q1336107
Q580716,Q1127709
Q580716,Q170035
Q580716,Q162729
Q580716,Q1356402
Q580716,Q913440
Q580716,Q918380
Q580716,Q844068
Q580716,Q168862
Q580716,Q241085
Q754892,Q1129534
Q754892,Q167726
Q754892,Q202735
Q1768470,Q1206261
Q1768470,Q472361
Q1768470,Q1199839
Q1768470,Q833299
Q1768470,Q1129534
Q1768470,Q834021
Q1427204,Q1326725
Q1055299,Q219424
Q1055299,Q34414
Q1055299,Q841203
Q1055299,Q161400
Q1055299,Q303862
Q1055299,Q842720
Q1055299,Q173585
Q1516833,Q849656
Q1516833,Q741196
Q1516833,Q842073
Q1434995,Q499633
Q880111,Q311161
Q1427521,Q841476
Q1427521,Q684470
Q1427521,Q499371
Q1427521,Q836821
Q1427521,Q478212
Q1427521,Q849656
Q1427521,Q250912
Q1356402,Q270410
Q1356402,Q163549
Q1356402,Q161400
Q1356402,Q167726
Q754745,Q270410
Q754745,Q165817
Q754745,Q720357
Q754745,Q498867
Q754745,Q841476
Q754745,Q499633
Q754745,Q160560
Q219424,Q841476
Q219424,Q849656
Q219424,Q1129381
Q219424,Q1216898
Q219424,Q1140578
Q219424,Q164804
Q219424,Q34414
Q219424,Q249288
Q219424,Q472165
Q219424,Q270410
Q219424,Q1141460
Q831437,Q303862
Q831437,Q977750
Q831437,Q844068
Q831437,Q844883
Q3879624,Q3879613
Q3879624,Q3879626
Q3879624,Q3879614
Q3879624,Q3879655
Q3879624,Q824803
Q3879624,Q1028699
Q25803,Q25780
Q25803,Q5443151
Q25803,Q25798
Q25803,Q25800
Q25803,Q38407
Q8037964,Q8037967
Q8037964,Q8037966
Q8037964,Q8037970
Q3879652,Q3879658
Q3879652,Q3879647
Q3879652,Q3879654
Q3879652,Q3879643
Q3879652,Q3879650
Q3879652,Q3879657
Q3811011,Q3811009
Q3811011,Q3811001
Q3811011,Q3811007
Q3811011,Q3811003
Q3811011,Q3811004
Q5443156,Q5443155
Q5443156,Q25784
Q5443156,Q13424670
Q5443156,Q3951953
Q3879619,Q3879625
Q3879619,Q3879628
Q3879619,Q3879630
Q3879619,Q2557129
Q3879619,Q1422131
Q3879619,Q3879621
Q3879619,Q3879608
Q1004918,Q1004927
Q1004918,Q1004934
Q1004918,Q1005047
Q1005749,Q1005576
Q1005749,Q585893
Q1005749,Q988361
Q1005749,Q1005746
Q1005749,Q2313564
Q1005749,Q3879623
Q1005749,Q1005741
Q3879623,Q3879611
Q3879623,Q3879622
Q3879623,Q3879610
Q3879623,Q3879620
Q3879623,Q3879632
Q3998590,Q3998591
Q3998590,Q3998589
Q3998590,Q3628779
Q3628689,Q3628692
Q3628689,Q3628683
Q3628689,Q2463752
Q3628689,Q3628761
Q3628689,Q1408852
Q3628689,Q2308435
Q3628689,Q2303677
Q3628689,Q3628708
Q3628689,Q1408901
Q3628689,Q1408897
Q3628689,Q3628695
Q3628689,Q26860
Q3628689,Q3628773
Q3628678,Q3628690
Q3628678,Q3628692
Q3628678,Q3628683
Q3628678,Q1408856
Q3628678,Q3628765
Q3628682,Q3628687
Q3628682,Q3628683
Q3628682,Q3628692
Q3628682,Q2313511
Q3628682,Q1408876
Q3628682,Q3628764
Q3628682,Q3628792
Q3628682,Q2303728
Q3628682,Q5644525
Q7500779,Q7500760
Q7500779,Q7500777
Q7500779,Q988359
Q7500779,Q372925
Q7500779,Q7500776
Q1004860,Q1004952
Q1004860,Q587805
Q1004860,Q1042778
Q1004860,Q541316
Q1004860,Q1005172
Q10572415,Q10497008
Q10572415,Q10572431
Q10572415,Q10572463
Q3951953,Q3951952
Q3951953,Q25784
Q10572416,Q10497007
Q10572416,Q10572462
Q10572416,Q10572440
Q10572416,Q2558983
Q5443153,Q13424670
Q5443153,Q25782
Q5443153,Q5443155
Q1005277,Q1005782
Q1005277,Q1005621
Q3628765,Q2557141
Q3628765,Q3628761
Q3628765,Q3628760
Q8037927,Q8037929
Q8037927,Q8037937
Q8037927,Q8037930
Q8037900,Q8037905
Q8037900,Q8037903
Q8037900,Q3565605
Q8037900,Q3500407
Q8037900,Q3500383
Q3879615,Q3879633
Q3879615,Q3879628
Q3879615,Q3879630
Q3879615,Q3628684
Q3879615,Q2313481
Q3879615,Q3561230
Q3879615,Q3879635
Q3879615,Q2311908
Q3879615,Q824919
Q10522584,Q10522587
Q10522584,Q10466400
Q10522584,Q3561235
Q10522584,Q3561232
Q10522584,Q1415848
Q10522584,Q1156252
Q10466379,Q10466389
Q10466379,Q10466375
Q10466379,Q10466371
Q10522549,Q10522577
Q10522549,Q10522572
Q10522549,Q10522555
Q1005744,Q1005804
Q1005744,Q1005284
Q1005744,Q1005571
Q1005744,Q1005328
Q10522555,Q10522594
Q1422131,Q3628791
Q1422131,Q3879598
Q1422131,Q10426127
Q1422131,Q1424018
Q1422131,Q128040
Q5443144,Q5443145
Q5443144,Q38410
Q5443144,Q5443138
Q1028699,Q3879580
Q1028699,Q3879581
Q1028699,Q1076288
Q1028699,Q3879585
Q1028699,Q824803
Q1028699,Q599322
Q1028699,Q3879583
Q3837513,Q3837510
Q3837513,Q3837508
Q3837513,Q3837507
Q3837513,Q3837512
Q3879643,Q3879655
Q3879643,Q3879644
Q3879643,Q3879656
Q3879643,Q1076253
Q3879643,Q2311908
Q1076253,Q3879603
Q1076253,Q1076244
Q1076253,Q1076376
Q1076253,Q825048
Q1076253,Q3879658
Q1076253,Q3879588
Q25791,Q25784
Q25791,Q25800
Q25791,Q25795
Q25791,Q38591
Q38591,Q38410
Q38591,Q38605
Q38591,Q5443145
Q3879653,Q3879646
Q3879653,Q3879645
Q3879653,Q3879651
Q3879653,Q2312939
Q3879653,Q3879664
Q5443138,Q5443145
Q5443138,Q38605
Q5443138,Q5443136
Q5443138,Q5443140
Q5443138,Q5443139
Q1004914,Q1004964
Q1004914,Q255955
Q1004868,Q1005158
Q1004868,Q1004915
Q1004868,Q1005187
Q1004868,Q255955
Q1004868,Q1004952
Q1004868,Q1004965
Q10522554,Q10522589
Q10522554,Q55615399
Q10522554,Q4160921
Q10522554,Q55615398
Q1409048,Q1408927
Q1409048,Q1408901
Q1409048,Q1408856
Q1409048,Q3628690
Q3879625,Q3879630
Q3879625,Q3879628
Q3879625,Q1076244
Q3879625,Q3879621
Q3879625,Q3879627
Q1408913,Q1408888
Q1408913,Q1408927
Q1408913,Q1408846
Q1408913,Q1408709
Q7500771,Q4443767
Q587012,Q1005365
Q587012,Q3899246
Q1408709,Q1408906
Q1408709,Q1408888
Q2311876,Q1422103
Q2311876,Q2557677
Q2311876,Q2312004
Q2311876,Q1406131
Q3628696,Q3628709
Q3628696,Q3628688
Q3628696,Q3628680
Q3628696,Q3628694
Q3628696,Q3628710
Q3837511,Q3837509
Q3837511,Q3837504
Q3837511,Q3837506
Q3879664,Q3879649
Q3879664,Q3879668
Q3879664,Q3879657
Q3879664,Q3879660
Q3879664,Q1005639
Q3879579,Q3879580
Q3879579,Q3879583
Q3879579,Q3879581
Q3879579,Q3879603
Q7500774,Q7500777
Q7500774,Q7500776
Q7500774,Q7500762
Q7500774,Q11883936
Q7500774,Q7500756
Q1005740,Q1005731
Q202735,Q913440
Q202735,Q483118
Q202735,Q241085
Q202735,Q168010
Q1005810,Q1222717
Q1005810,Q1005643
Q1005810,Q1005296
Q1005810,Q1005808
Q1005810,Q1005801
Q1005810,Q1005782
Q5443137,Q5443139
Q5443137,Q5443136
Q5443137,Q38412
Q5443137,Q38599
Q5443137,Q5443142
Q10495989,Q10719576
Q10495989,Q10572439
Q10495989,Q10706347
Q10495989,Q1005211
Q10495989,Q58412558
Q10495989,Q10426127
Q10495989,Q10581228
Q10495989,Q10572463
Q1222684,Q988363
Q1222684,Q372925
Q1222684,Q825058
Q3628786,Q2303728
Q3628786,Q1408876
Q3628786,Q26860
Q3628786,Q3628792
Q3628786,Q3628702
Q7980004,Q4467905
Q7980004,Q7980006
Q7980004,Q4467910
Q7980004,Q7980002
Q7980004,Q12808144
Q3837512,Q3837510
Q3837512,Q3837507
Q4160921,Q55615395
Q4160921,Q55615399
Q4160921,Q10522589
Q4160921,Q10522576
Q4160921,Q55615398
Q13655354,Q3628684
Q13655354,Q1406131
Q13655354,Q3628691
Q13655354,Q2558983
Q3879621,Q3879627
Q3879621,Q3879620
Q3879621,Q3879617
Q3879621,Q3879634
Q3879645,Q3879651
Q3879645,Q3879646
Q3879645,Q3879561
Q3879645,Q3879647
Q3879645,Q3628779
Q10581226,Q10719573
Q10581226,Q10495988
Q10581226,Q10706346
Q10581226,Q10572421
Q3879650,Q3879642
Q3879650,Q3879641
Q3879650,Q825048
Q3879610,Q3879622
Q3879610,Q3879611
Q3879610,Q3879642
Q3879610,Q1076347
Q3879610,Q3628759
Q3879610,Q3628691
Q3879610,Q1069209
Q3879610,Q3628679
Q3628781,Q3628782
Q3628781,Q3628779
Q3628781,Q1005286
Q3628781,Q2526348
Q7979994,Q4467907
Q7979994,Q7979997
Q7979994,Q7979987
Q988363,Q988372
Q988363,Q988374
Q988363,Q988370
Q988363,Q988347
Q988363,Q988362
Q988363,Q1005571
Q988363,Q988348
Q4443763,Q4354069
Q4443763,Q4443765
Q25239316,Q25239317
Q1222715,Q1222712
Q1222715,Q1005808
Q1222715,Q1222717
Q1222715,Q1222721
Q1222715,Q3628691
Q1222715,Q5448040
Q3879646,Q3879651
Q3879646,Q2312939
Q3879646,Q26860
Q3879646,Q1005557
Q3628761,Q3628773
Q3628761,Q3628760
Q3628761,Q595055
Q3628761,Q2463752
Q3628761,Q38594
Q3628761,Q1130659
Q3628761,Q3899249
Q3628761,Q1408901
Q3628761,Q2558983
Q3628761,Q1424018
Q3628761,Q377600
Q3628761,Q38599
Q3628761,Q3628780
Q1005069,Q1005214
Q1005069,Q585893
Q1005069,Q3628705
Q8037958,Q8037956
Q8037958,Q8037960
Q8037958,Q8037959
Q8037958,Q8037957
Q4467907,Q7979997
Q4467907,Q7979999
Q1004927,Q1004928
Q1004927,Q3879587
Q1004927,Q1004936
Q1004927,Q1004926
Q1004927,Q988359
Q1004927,Q1005042
Q3879658,Q3879662
Q3879658,Q3879654
Q3879658,Q1074316
Q1406131,Q3628704
Q1406131,Q3628688
Q1406131,Q3628703
Q1406131,Q2312004
Q825048,Q2313552
Q825048,Q824919
Q3925465,Q3925463
Q3925465,Q3925471
Q3925465,Q3925462
Q3925465,Q3925468
Q3925465,Q3925469
Q3925465,Q3925466
Q823754,Q826487
Q823754,Q1005189
Q823754,Q1004936
Q3837507,Q3837508
Q3837507,Q3837510
Q3837507,Q3837505
Q613746,Q2558493
Q2303728,Q1423968
Q2303728,Q1405425
Q2303728,Q3628785
Q2303728,Q1408876
Q2303728,Q2308435
Q2303728,Q3628778
Q2303535,Q1408876
Q2303535,Q1408852
Q2303535,Q1408897
Q2303535,Q988367
Q2303535,Q1004936
Q2313511,Q2557129
Q2313511,Q2313481
Q2313511,Q3628752
Q2313511,Q2558983
Q2313511,Q3628767
Q2313511,Q2557677
Q2313511,Q2313552
Q2313511,Q1110152
Q1042778,Q1042789
Q1042778,Q1069209
Q7500789,Q7500793
Q7500789,Q7500788
Q7500789,Q7500784
Q7500789,Q4354069
Q7500789,Q7500782
Q1004987,Q1004991
Q1004987,Q1004989
Q1004987,Q1005212
Q4443764,Q4354069
Q4443764,Q4443766
Q3565567,Q3500407
Q3565567,Q3565736
Q3565567,Q3565760
Q3565567,Q3565605
Q3628775,Q3628695
Q3628775,Q3628777
Q3628775,Q595055
Q3628775,Q3879604
Q3628775,Q3628785
Q3628775,Q3628770
Q3628775,Q3628780
Q1042789,Q1069209
Q1042789,Q587805
Q1042789,Q1004952
Q2445057,Q1421727
Q2445057,Q826529
Q2445057,Q3899247
Q2445057,Q1005365
Q7980002,Q12808144
Q7980002,Q4467905
Q7980002,Q4467904
Q10466402,Q10466384
Q10466402,Q10466376
Q7500772,Q2303677
Q1005190,Q1004871
Q1005190,Q1005192
Q1005190,Q1005189
Q1005188,Q1004863
Q1005188,Q1005157
Q1005188,Q1004961
Q3811003,Q3811001
Q3811003,Q3811004
Q585893,Q1005741
Q585893,Q1004991
Q585893,Q2312939
Q585893,Q1005746
Q585893,Q1005572
Q585893,Q825731
Q585893,Q1004928
Q585893,Q1005557
Q585893,Q1004937
Q8037907,Q8037906
Q2313481,Q2557129
Q2313481,Q1110152
Q2313481,Q1076347
Q2313481,Q3628684
Q2313481,Q1421581
Q2313481,Q38410
Q2313481,Q3879633
Q7500793,Q7500788
Q7500793,Q7500784
Q10572441,Q10572465
Q10572441,Q10719575
Q10719576,Q10572439
Q10719576,Q10706347
Q10719576,Q1005157
Q10719576,Q58412558
Q10719576,Q10426127
Q10719576,Q10684073
Q10719576,Q10581228
Q10719576,Q10572463
Q10466376,Q10466384
Q8037959,Q8037960
Q8037959,Q8037956
Q8037959,Q10581231
Q7980001,Q7979999
Q7980001,Q7979997
Q7980001,Q7979995
Q7980001,Q12808128
Q7980001,Q7979991
Q7980001,Q7979998
Q10522543,Q10522548
Q10522543,Q10522575
Q10522543,Q10522571
Q1005755,Q1005617
Q10466381,Q4160925
Q38594,Q38601
Q38594,Q5443142
Q38594,Q5443140
Q38594,Q38412
Q38594,Q38599
Q38594,Q38410
Q38594,Q3879593
Q251465,Q372925
Q251465,Q988351
Q251465,Q3879587
Q251465,Q3628703
Q3879620,Q3879607
Q3879620,Q3879629
Q3879620,Q3879660
Q3879620,Q1005286
Q3879620,Q3879648
Q7500788,Q7500761
Q8037930,Q8037937
Q8037930,Q8037928
Q8037930,Q8037929
Q8037930,Q8037934
Q8037930,Q8037924
Q8037930,Q8037926
Q8037934,Q8037937
Q8037934,Q8037924
Q2377414,Q3628680
Q2377414,Q3628687
Q2377414,Q3628691
Q2377414,Q3628702
Q3628705,Q3628703
Q3628705,Q1405425
Q3628705,Q1408876
Q3628705,Q3628792
Q3628705,Q4357642
Q2318836,Q1076244
Q2318836,Q3879569
Q2318836,Q25780
Q3879667,Q3879647
Q3879667,Q3879659
Q3879667,Q3879662
Q3879667,Q3879589
Q3879667,Q3879668
Q3879614,Q3879626
Q3879614,Q3879613
Q3879614,Q3879656
Q3879614,Q3879654
Q3879614,Q3879607
Q1115025,Q3879569
Q1115025,Q1141105
Q1115025,Q595055
Q1115025,Q3879565
Q1115025,Q1074357
Q3879585,Q1074357
Q3879585,Q1076288
Q3879585,Q825731
Q3879585,Q1004991
Q3879585,Q3879595
Q3879585,Q1076295
Q58412558,Q10581228
Q58412558,Q10572439
Q58412558,Q5448040
Q58412558,Q1005365
Q3565575,Q3565760
Q3565575,Q3500383
Q3565575,Q3565736
Q1470767,Q164804
Q1470767,Q838154
Q1470767,Q478748
Q1470767,Q165394
Q10522535,Q10522571
Q10522535,Q10522575
Q10522535,Q10522548
Q22964454,Q478626
Q825035,Q823675
Q825035,Q824928
Q3980076,Q3980075
Q3980076,Q384008
Q3980076,Q3980074
Q5448039,Q5448040
Q1408881,Q1408906
Q1408881,Q1408797
Q1408881,Q1408936
Q1408881,Q2303677
Q1408881,Q3561230
Q1408881,Q2306535
Q1408881,Q3628681
Q589310,Q3628697
Q1005616,Q1005617
Q1222717,Q1222721
Q1222717,Q1005643
Q1222717,Q128040
Q3879598,Q3879588
Q3879598,Q3879596
Q3879598,Q3879589
Q1076376,Q3879594
Q1076376,Q3879573
Q1076376,Q1141034
Q1076376,Q3879603
Q1076376,Q1408906
Q1076376,Q3628752
Q1076376,Q2306535
Q1004934,Q1005047
Q1004934,Q256529
Q1004934,Q1005133
Q3879567,Q570058
Q3879567,Q3879561
Q3879567,Q3879602
Q3879567,Q1076347
Q3879567,Q3879562
Q3879567,Q3879589
Q3879567,Q1076244
Q3879567,Q3879564
Q3879567,Q370863
Q7500786,Q7500764
Q7500786,Q988347
Q7500786,Q7500761
Q1005334,Q1005313
Q1005334,Q1005333
Q1421749,Q988361
Q1421749,Q988370
Q1421749,Q1005286
Q8037908,Q8037902
Q8037908,Q8037909
Q595055,Q3628773
Q595055,Q3628780
Q595055,Q3628777
Q595055,Q3628792
Q595055,Q3879570
Q595055,Q3628764
Q595055,Q1004964
Q595055,Q1423968
Q252875,Q577507
Q252875,Q1221778
Q8037965,Q8037966
Q8037965,Q8037967
Q8037965,Q8037974
Q8037965,Q8037969
Q3879600,Q3879595
Q3879600,Q1076288
Q3879600,Q1141105
Q3879600,Q3879583
Q3628692,Q3628683
Q3628692,Q3628691
Q3628692,Q3628690
Q3628692,Q2312939
Q3628692,Q3628687
Q3628692,Q3628708
Q3628692,Q1408901
Q3628692,Q1423968
Q3628692,Q3628699
Q3628692,Q2443986
Q1408936,Q1408906
Q1408936,Q1408797
Q1408936,Q1408846
Q1408936,Q2306561
Q3628764,Q3628773
Q3628764,Q3628792
Q3628764,Q2313564
Q3628764,Q1005041
Q1005746,Q1005575
Q1005746,Q825058
Q1005746,Q3899247
Q1005746,Q3628690
Q1004871,Q1005189
Q1004871,Q1004968
Q1004871,Q1004869
Q1004871,Q1004870
Q1004871,Q1005192
Q826510,Q826529
Q826510,Q826487
Q826510,Q1005189
Q826510,Q825731
Q826510,Q3879632
Q826510,Q1005351
Q826510,Q3879565
Q7500777,Q7500758
Q7500777,Q7500776
Q7500777,Q7500756
Q1005365,Q3899249
Q1005365,Q988374
Q1005365,Q1074357
Q1005365,Q576599
Q1026904,Q1027135
Q1026904,Q10466371
Q1026904,Q10466375
Q25239314,Q25239317
Q25239314,Q7979988
Q4160924,Q4160926
Q4160924,Q10522550
Q3628782,Q3628779
Q3628782,Q3628770
Q3628782,Q2311908
Q908982,Q1141111
Q3561230,Q10466400
Q3561230,Q3561235
Q3561230,Q3561228
Q570058,Q3879602
Q570058,Q370863
Q570058,Q3879589
Q570058,Q1076244
Q478542,Q824919
Q478542,Q824803
Q3879662,Q3879669
Q3879662,Q3879659
Q3879662,Q3879647
Q3879662,Q1074316
Q3879607,Q3879608
Q3879607,Q3879618
Q3879607,Q3879587
Q977750,Q760266
Q977750,Q294641
Q977750,Q740528
Q3628785,Q3628777
Q3628785,Q825731
Q3628785,Q988361
Q3628785,Q38412
Q3628785,Q1423968
Q3628785,Q3628695
Q824928,Q1005371
Q824928,Q823194
Q10466403,Q10466383
Q10466403,Q10466375
Q10466403,Q10466371
Q10466403,Q10466392
Q1130659,Q3879581
Q1130659,Q3879604
Q5644525,Q1005351
Q5644525,Q3879616
Q5644525,Q2463752
Q5644525,Q605663
Q1183979,Q370863
Q599322,Q1076363
Q599322,Q1076288
Q599322,Q3628792
Q3879583,Q3879581
Q3879583,Q3879580
Q3879583,Q3879632
Q3879651,Q1076347
Q3879651,Q1408906
Q3879651,Q3879569
Q3879608,Q3879618
Q3879593,Q3879587
Q3879593,Q1076295
Q3879593,Q3879604
Q3879593,Q3628683
Q3879593,Q1141105
Q3628686,Q3628684
Q3628686,Q3628681
Q3628686,Q3628679
Q3628686,Q1409055
Q3628686,Q1408846
Q4443765,Q7500782
Q4443765,Q4354069
Q3628680,Q3628691
Q3628680,Q3628688
Q3628680,Q3628759
Q3628680,Q3628694
Q3628680,Q3879602
Q3628680,Q38410
Q3628680,Q3628709
Q3628680,Q1408869
Q3628680,Q3628791
Q728404,Q1129069
Q728404,Q499535
Q728404,Q834021
Q728404,Q841203
Q3879569,Q3879561
Q3879569,Q3879573
Q3879569,Q3879572
Q3879569,Q3879588
Q3879569,Q3879562
Q3879569,Q3879761
Q3879569,Q3879622
Q3628770,Q3628766
Q3628770,Q3628773
Q1004926,Q1005041
Q1004926,Q1005063
Q1004926,Q3879604
Q1004926,Q1005557
Q5443136,Q5443142
Q5443136,Q38412
Q5443136,Q3879564
Q5443136,Q3879641
Q5443136,Q38599
Q7500785,Q7500782
Q7500785,Q7500784
Q7500785,Q7500791
Q8037923,Q8037913
Q8037923,Q8037916
Q8037923,Q8037919
Q8037923,Q8037922
Q1408927,Q1408797
Q1408927,Q1408852
Q1408927,Q1408901
Q1408927,Q1408856
Q1408927,Q3628690
Q1408927,Q1408888
Q1408927,Q1407627
Q8037919,Q8037917
Q8037919,Q8037915
Q8037919,Q8037914
Q8037919,Q8037916
Q8037919,Q8037920
Q4160925,Q4160922
Q4160925,Q4160923
Q3628703,Q1405425
Q3628703,Q3628702
Q3628703,Q3628687
Q8037924,Q8037937
Q8037924,Q8037929
Q8037924,Q8037932
Q8037924,Q8037940
Q1004869,Q1004870
Q1004869,Q1005192
Q1004869,Q2303677
Q370917,Q3837496
Q370917,Q822588
Q370917,Q3837497
Q370917,Q3837498
Q370917,Q3837500
Q370917,Q3837499
Q8037913,Q8037918
Q8037913,Q8037922
Q7500784,Q7500782
Q8037937,Q8037928
Q8037937,Q8037940
Q8037922,Q8037918
Q1005313,Q372925
Q1005313,Q1005731
Q3628704,Q1405425
Q3628704,Q3628691
Q3628704,Q1408920
Q3628704,Q1069209
Q1125384,Q839341
Q1125384,Q1199839
Q1125384,Q1140085
Q1125384,Q472361
Q1125384,Q161087
Q1125384,Q1130395
Q1125384,Q1129381
Q1125384,Q328723
Q1125384,Q499535
Q1125384,Q160215
Q1125384,Q848785
Q826500,Q252584
Q10522577,Q10522572
Q10522587,Q825058
Q587805,Q1004952
Q8037926,Q8037928
Q8037926,Q8037929
Q8037926,Q8037940
Q1005371,Q1005374
Q4354074,Q5481589
Q4354074,Q4354615
Q8037917,Q8037915
Q8037917,Q8037918
Q8037917,Q8037914
Q8037917,Q8037920
Q3879628,Q3879630
Q3879628,Q3879635
Q3879628,Q2557129
Q3879628,Q3879633
Q3879628,Q3879618
Q839341,Q1127709
Q839341,Q855222
Q839341,Q166272
Q839341,Q740528
Q839341,Q726294
Q10522589,Q55615399
Q10522589,Q55615395
Q25939,Q38599
Q25939,Q25800
Q25939,Q1074357
Q25939,Q3899249
Q25939,Q25793
Q1422103,Q2318914
Q3628792,Q1408876
Q3628792,Q2308435
Q3628792,Q26860
Q1005284,Q1005804
Q1005284,Q1005639
Q1005284,Q988372
Q1005284,Q1005286
Q3730943,Q4443767
Q3730943,Q1408852
Q3730943,Q26860
Q1076363,Q1076288
Q1076363,Q3879632
Q7979997,Q7979999
Q7979997,Q7979998
Q7979997,Q7979995
Q3837496,Q822588
Q3837496,Q3837497
Q3837496,Q3837500
Q3837496,Q3837499
Q1005211,Q1005063
Q1005211,Q1004985
Q1005211,Q1005041
Q1005211,Q2558983
Q1005211,Q1005212
Q1005211,Q1005066
Q1005211,Q3998591
Q1005211,Q3879597
Q1005811,Q1222721
Q1005811,Q1005801
Q3565605,Q3500407
Q3565605,Q3500383
Q1005575,Q988372
Q1005575,Q1005286
Q1005575,Q1005572
Q1005575,Q826487
Q2463752,Q2312939
Q2463752,Q3628754
Q2463752,Q2313564
Q2463752,Q3628773
Q2463752,Q3879604
Q2463752,Q1074316
Q2463752,Q3879616
Q2463752,Q2443986
Q2463752,Q4443767
Q3925468,Q3925466
Q3925468,Q3925463
Q1005065,Q1005213
Q1005065,Q1004935
Q1005065,Q1004985
Q1005065,Q1005801
Q1005065,Q826529
Q1005065,Q1005063
Q3879761,Q3879573
Q3879761,Q3879572
Q3879761,Q3628776
Q13572928,Q7979999
Q13572928,Q12808128
Q1005801,Q4088891
Q1005801,Q1005782
Q1005801,Q826529
Q3628772,Q3628767
Q3628772,Q3628763
Q3628772,Q3628760
Q3628772,Q3628766
Q3628772,Q3628759
Q3628772,Q2311908
Q3628772,Q3628779
Q2318914,Q2311887
Q2318914,Q3628763
Q2318914,Q1005172
Q2318914,Q2311975
Q2318914,Q988362
Q1005571,Q1005804
Q5403447,Q3628690
Q5403447,Q7500762
Q5403447,Q3628687
Q1004961,Q1005157
Q1004961,Q1004863
Q1004961,Q1004913
Q3879632,Q3879617
Q3879632,Q3879627
Q3879632,Q3879630
Q3879632,Q3879616
Q3879632,Q3879629
Q3879632,Q3879634
Q7979995,Q7979999
Q22964453,Q22964459
Q22964453,Q22964457
Q1074316,Q3879594
Q1074316,Q3879561
Q1074316,Q826519
Q3837498,Q3837500
Q3837498,Q3837499
Q8037960,Q8037962
Q8037960,Q8037956
Q8037960,Q8037955
Q8037960,Q10581231
Q256529,Q1004924
Q256529,Q3879627
Q1005286,Q1005805
Q1005286,Q1004936
Q1005286,Q825222
Q2557677,Q2312004
Q7500761,Q7500764
Q1408888,Q1408846
Q3879626,Q3879613
Q3879626,Q3879597
Q3879626,Q1076295
Q10572465,Q10497009
Q10426127,Q10572463
Q3879611,Q3879622
Q3879611,Q3879587
Q3879611,Q3879648
Q3879611,Q3879668
Q3879611,Q3879634
Q3879617,Q3879627
Q3879617,Q3879629
Q3628774,Q3628776
Q3628774,Q2311887
Q3628774,Q1110152
Q1005731,Q591555
Q1004964,Q255955
Q1004964,Q1005158
Q3628783,Q3628702
Q3628783,Q2306561
Q3628783,Q3879595
Q3628702,Q3628687
Q988370,Q988362
Q988370,Q988348
Q988370,Q3879604
Q988370,Q2312939
Q988370,Q988372
Q988370,Q1004936
Q988370,Q988367
Q988370,Q1005214
Q3879635,Q3879630
Q3837500,Q3837499
Q1222721,Q128040
Q10497007,Q10572462
Q10497007,Q10719573
Q1076295,Q3879597
Q1076295,Q3879595
Q1076295,Q3879604
Q1076295,Q2312939
Q12808128,Q7979991
Q12808128,Q7979999
Q22964459,Q22964456
Q22964459,Q22964457
Q22964459,Q22964455
Q3628752,Q1110152
Q3628752,Q2557129
Q3628752,Q3879602
Q3628752,Q2313552
Q3628752,Q2558983
Q3879654,Q3879657
Q25800,Q25798
Q38601,Q5443140
Q38601,Q38605
Q384008,Q3879587
Q384008,Q988347
Q3628691,Q3628688
Q3628691,Q3628685
Q3628691,Q3628687
Q3628691,Q3628708
Q3628691,Q3628679
Q3628691,Q3628697
Q3628691,Q3628684
Q3628691,Q3628681
Q3628691,Q3628701
Q3628698,Q3628695
Q3628698,Q3628683
Q3628698,Q1405425
Q3628698,Q3628777
Q3628698,Q2311887
Q3628698,Q1005172
Q3565736,Q3500407
Q3565736,Q3565760
Q3565736,Q3500417
Q3879589,Q3879602
Q3879589,Q1076347
Q3879589,Q3879573
Q3879589,Q3879588
Q3879589,Q38410
Q3879589,Q5448040
Q2303677,Q1408897
Q2303677,Q1408852
Q2303677,Q1408901
Q2303677,Q3628760
Q2303677,Q3628754
Q2303677,Q1408906
Q2303677,Q26860
Q988374,Q988372
Q988374,Q988362
Q988374,Q988347
Q988374,Q988367
Q988374,Q1004936
Q988374,Q1005805
Q988374,Q988361
Q988374,Q1005213
Q988374,Q1004985
Q988374,Q1005333
Q988374,Q1004888
Q3628694,Q3628688
Q3628694,Q1409616
Q3628694,Q3628710
Q3628694,Q2311149
Q3628754,Q3879580
Q3628754,Q3879581
Q3628710,Q3628709
Q3628710,Q1409616
Q3899247,Q3899246
Q3837508,Q3837510
Q3837508,Q3837505
Q3837508,Q3837518
Q3628777,Q2311149
Q3628777,Q3628776
Q3628777,Q3628780
Q3628777,Q3628778
Q3628777,Q3628695
Q3628685,Q3628681
Q3628685,Q3628679
Q8037969,Q8037967
Q8037969,Q8037974
Q8037969,Q8037902
Q1005189,Q1004968
Q4160922,Q4160923
Q1004936,Q1005212
Q1004936,Q1004935
Q1004936,Q1005066
Q1004936,Q4088891
Q1004936,Q823194
Q1004936,Q3998591
Q1004936,Q1004888
Q1004936,Q1005044
Q1004936,Q1005805
Q255955,Q3879587
Q255955,Q1004952
Q8037967,Q8037966
Q8037967,Q8037970
Q8037967,Q8037963
Q8037967,Q8037974
Q1125442,Q483941
Q1125442,Q160560
Q1125442,Q478748
Q1125442,Q1141460
Q1125442,Q1005158
Q1125442,Q34414
Q1004968,Q1004870
Q2313564,Q3628773
Q2313564,Q38412
Q3879588,Q1076244
Q3879588,Q1076347
Q3879588,Q2557129
Q3879588,Q3879596
Q3879588,Q3628760
Q3561235,Q3561232
Q3561235,Q1415848
Q3561235,Q1156252
Q823663,Q576599
Q823663,Q1005618
Q3628763,Q3628767
Q3628763,Q3628760
Q3628763,Q3628759
Q3628763,Q3879573
Q3628763,Q3879603
Q988367,Q988364
Q988367,Q1005351
Q988367,Q988351
Q988367,Q988372
Q988367,Q1004965
Q988367,Q988359
Q988367,Q1004888
Q1005804,Q1005639
Q1005804,Q1222713
Q1005804,Q823194
Q1005804,Q1005805
Q7980006,Q4467905
Q7980006,Q4467910
Q3879573,Q1141034
Q3879573,Q3879594
Q3879573,Q1076347
Q577507,Q1221778
Q3899244,Q3899249
Q1421581,Q3628767
Q8037902,Q8037906
Q8037902,Q8037909
Q1005572,Q1004937
Q1005572,Q825058
Q5443140,Q5443142
Q5443140,Q38412
Q1409055,Q1408920
Q1409055,Q1408869
Q1409055,Q1408797
Q1409055,Q1408846
Q1409055,Q3628766
Q10466383,Q10466375
Q10466383,Q10466389
Q10572431,Q10706347
Q10572431,Q10572439
Q10572431,Q10572463
Q10572431,Q10684073
Q3879616,Q3879629
Q3879616,Q3879634
Q3879616,Q4443767
Q3879616,Q38412
Q1005328,Q1005331
Q3879602,Q1076347
Q3879602,Q3628759
Q3879602,Q3879562
Q3879602,Q38410
Q3879602,Q2328217
Q3879602,Q1408869
Q3879604,Q1076288
Q3879604,Q1074357
Q3879604,Q38599
Q3879604,Q38412
Q3628690,Q3628683
Q3628690,Q1408856
Q3628690,Q3628701
Q3628690,Q3628700
Q1005187,Q1005158
Q1005187,Q1004915
Q1005187,Q541316
Q1005187,Q825222
Q1005187,Q1004952
Q825731,Q596754
Q825731,Q825058
Q825731,Q1005351
Q825731,Q1005214
Q825731,Q1005741
Q825731,Q10572440
Q2313552,Q2557129
Q2313552,Q2558983
Q2313552,Q826519
Q3879595,Q1076288
Q3879595,Q1141105
Q3879595,Q3879587
Q3879595,Q2558983
Q3879595,Q3879660
Q3879595,Q22964458
Q3879595,Q3879657
Q22964458,Q596754
Q4467905,Q4467910
Q4467905,Q12808144
Q10426128,Q10572462
Q10426128,Q10719573
Q10426128,Q10495988
Q10426128,Q10572440
Q3628687,Q3628683
Q3628687,Q1408897
Q3628687,Q3628699
Q8037974,Q8037966
Q8037974,Q8037963
Q2311975,Q3628778
Q2311975,Q3879587
Q2311975,Q1004952
Q1005331,Q1005333
Q3925463,Q3925470
Q3925463,Q3925471
Q3925463,Q3925469
Q3925463,Q3925462
Q3925463,Q3925466
Q825222,Q1004952
Q825088,Q823675
Q988361,Q988347
Q988361,Q1074357
Q4467910,Q4467904
Q4467910,Q12808144
Q1156252,Q3561232
Q1156252,Q1415848
Q1005158,Q1004915
Q1005158,Q3879627
Q1005158,Q1004965
Q1005158,Q376518
Q3811001,Q3811007
Q3925469,Q3925462
Q1005808,Q1005643
Q684470,Q741196
Q684470,Q1035093
Q10497009,Q10706348
Q1206261,Q726294
Q1206261,Q841476
Q1206261,Q168010
Q1206261,Q165817
Q1005108,Q1005133
Q3879562,Q3879572
Q3879562,Q1076347
Q8037956,Q8037962
Q8037956,Q8037957
Q8037956,Q10581231
Q822588,Q3837497
Q2312004,Q2306561
Q3879630,Q3879659
Q3879630,Q3879633
Q10684072,Q10719573
Q10684072,Q10572440
Q10684072,Q10706346
Q10684072,Q3628683
Q10522572,Q10522594
Q1005351,Q988364
Q1005351,Q591555
Q1005351,Q26860
Q1005351,Q988351
Q3879668,Q3879649
Q3879668,Q3879648
Q10466392,Q10466375
Q10466392,Q10466389
Q3837518,Q3837510
Q3837518,Q3837505
Q3879594,Q3879603
Q3628708,Q3628683
Q1076347,Q1076244
Q1076347,Q3879622
Q8037915,Q8037914
Q8037915,Q8037918
Q8037915,Q8037916
Q10466400,Q3628684
Q3628683,Q26860
Q3628683,Q2311908
Q3628683,Q2312939
Q3628683,Q3628699
Q3628683,Q3879570
Q3628683,Q3628773
Q1004965,Q1004915
Q1004965,Q826487
Q1005617,Q1005618
Q2558525,Q582514
Q38410,Q38605
Q38410,Q38412
Q38410,Q1076244
Q3811009,Q3811005
Q3811009,Q3811007
Q1199839,Q270410
Q1069209,Q4088891
Q1408901,Q1408852
Q1408901,Q1408897
Q22964457,Q22964456
Q8037906,Q8037901
Q988372,Q1005066
Q988372,Q988362
Q988372,Q1005042
Q988372,Q1004937
Q988372,Q823194
Q988372,Q988364
Q3628709,Q1409616
Q3811005,Q3811007
Q3811005,Q3811004
Q2328217,Q579346
Q4088890,Q4088891
Q4088890,Q1005333
Q3628766,Q3628759
Q3628766,Q3628767
Q8037901,Q8037909
Q3879633,Q3879596
Q3879633,Q3879634
Q10684073,Q10706347
Q3879596,Q1076244
Q3879596,Q3628760
Q3879596,Q370863
Q3879596,Q3879597
Q3879596,Q3879603
Q2311908,Q3628779
Q3500417,Q3500383
Q3500417,Q3565760
Q1004913,Q1005157
Q1004913,Q1004863
Q4088891,Q1005333
Q4088891,Q1005782
Q4088891,Q826529
Q10572423,Q10581227
Q10572423,Q10719575
Q1076244,Q2557129
Q1076244,Q1110152
Q1076244,Q3879618
Q1005621,Q1005782
Q1005621,Q1004952
Q988359,Q988369
Q988359,Q988347
Q988359,Q988362
Q3500407,Q3565760
Q3500407,Q3500383
Q3879581,Q3879580
Q3879581,Q1076288
Q3879564,Q3879565
Q3879564,Q3879641
Q128838,Q126744
Q128838,Q377600
Q1408869,Q1408846
Q1408869,Q1408920
Q1408869,Q1408797
Q1408869,Q3628688
Q1408869,Q2306535
Q1408852,Q1408897
Q1408852,Q2308435
Q3628679,Q3628681
Q3628679,Q3628779
Q10706346,Q10572440
Q10706346,Q10719573
Q10706346,Q10572432
Q8037929,Q8037928
Q8037929,Q8037932
Q1141105,Q3879574
Q1141105,Q3879563
Q1005157,Q1004863
Q1005157,Q3628697
Q1005157,Q376518
Q1408920,Q1408797
Q1004870,Q1005192
Q3837505,Q3837510
Q824919,Q825058
Q8037932,Q8037928
Q8037918,Q8037920
Q2311887,Q3628776
Q2311887,Q1409616
Q4160927,Q4160926
Q4160927,Q10522550
Q1005292,Q1005042
Q3879561,Q3879642
Q3879561,Q3879576
Q3879561,Q1141034
Q7500758,Q7500756
Q7500758,Q7500762
Q824803,Q1004888
Q824803,Q3879655
Q1005214,Q1004991
Q1005214,Q1005741
Q1005214,Q1005103
Q4354615,Q5481589
Q7979985,Q7979988
Q7979985,Q7979991
Q1423968,Q1405425
Q7979988,Q7979987
Q3811004,Q3811007
Q1004928,Q1005044
Q988351,Q988362
Q988351,Q372925
Q3879629,Q3879587
Q3879629,Q3879648
Q2312939,Q3879574
Q2312939,Q2558983
Q2312939,Q2443986
Q2312939,Q3628773
Q3811006,Q3811008
Q3811006,Q3811010
Q3811006,Q3811000
Q38605,Q38599
Q1004924,Q1005047
Q3879642,Q3879641
Q3879642,Q3879647
Q25784,Q25795
Q10466389,Q10466375
Q10466389,Q10466371
Q1471937,Q780886
Q1471937,Q1043614
Q3925471,Q3925470
Q3925471,Q13583141
Q826487,Q826529
Q826487,Q826519
Q825058,Q988348
Q825058,Q1005639
Q825058,Q1004888
Q825058,Q1004863
Q3879574,Q3879563
Q3879574,Q2443986
Q3980074,Q3980075
Q3879656,Q3879644
Q3879656,Q3879655
Q10522575,Q10522553
Q10522575,Q10522548
Q10522575,Q10522571
Q10522575,Q10522593
Q3628699,Q3628700
Q3628699,Q1407627
Q3628759,Q1110152
Q3628759,Q3628791
Q3628759,Q3628767
Q10522548,Q10522571
Q10522548,Q10522553
Q10522548,Q10522593
Q25782,Q25795
Q25782,Q25798
Q10572432,Q10719573
Q10572432,Q10572440
Q10572432,Q10572462
Q10572432,Q10572421
Q2558983,Q596754
Q2558983,Q3879657
Q3879565,Q3879572
Q3879565,Q3879597
Q10466371,Q10466375
Q1334948,Q1124980
Q1334948,Q165392
Q1334948,Q858467
Q2557129,Q2552272
Q1005643,Q1005296
Q579346,Q3991750
Q3998587,Q3998589
Q3998587,Q3998591
Q3998587,Q1005047
Q25780,Q38412
Q25780,Q1004935
Q25780,Q25793
Q8037962,Q8037957
Q8037962,Q8037955
Q3628776,Q576599
Q3628776,Q2311149
Q823194,Q823675
Q10522593,Q10522553
Q10522593,Q1027135
Q3628688,Q1408797
Q3628688,Q3628697
Q3628688,Q3628684
Q25793,Q25798
Q1005374,Q1005618
Q1004937,Q1004991
Q1004937,Q1005212
Q1004937,Q1005103
Q13583141,Q3925470
Q1005047,Q1005133
Q10495988,Q10719573
Q10495988,Q10572440
Q10495988,Q10572462
Q3879634,Q3879648
Q3879634,Q3879563
Q10719575,Q10706348
Q10719575,Q10581227
Q377600,Q3628773
Q377600,Q3628780
Q10581227,Q10706348
Q2558493,Q1405425
Q1005041,Q1004985
Q1005041,Q3879655
Q8037903,Q8037905
Q3628697,Q3628684
Q3628697,Q1005066
Q3628697,Q1004985
Q3628684,Q3628760
Q4443767,Q26860
Q4443767,Q4357642
Q11883936,Q7500760
Q370863,Q3879576
Q3991750,Q1408300
Q10706347,Q10497008
Q8037970,Q8037963
Q8037970,Q8037966
Q55615395,Q55615399
Q55615395,Q10522576
Q10572462,Q10572440
Q10572462,Q10719573
Q3879587,Q3879563
Q3879587,Q1076288
Q3879587,Q7500764
Q3879587,Q988362
Q3879587,Q372925
Q38407,Q38412
Q38407,Q5443139
Q988348,Q988362
Q38599,Q38412
Q38599,Q4357642
Q38599,Q3561232
Q3811013,Q3811000
Q3811013,Q3811002
Q3811013,Q3811010
Q3811013,Q3811012
Q1005042,Q1005044
Q1005042,Q988364
Q1005124,Q1005044
Q25795,Q25798
Q2308435,Q1408897
Q2308435,Q26860
Q3837506,Q3837509
Q3837506,Q3837504
Q1005213,Q1004985
Q1005213,Q1005212
Q1005213,Q1004935
Q7979998,Q7979999
Q10572421,Q10719573
Q7500782,Q7500756
Q7500782,Q165394
Q495513,Q1129381
Q495513,Q833566
Q3879669,Q3879659
Q3879669,Q3879647
Q1005639,Q3879660
Q3998589,Q3998591
Q3561232,Q3561228
Q3561232,Q1415848
Q1005103,Q1004991
Q8037955,Q10581231
Q3837504,Q3837509
Q10522553,Q10522571
Q10522553,Q1027135
Q3811000,Q3811002
Q3811000,Q3811008
Q7500768,Q4354069
Q1005172,Q1004952
Q1005172,Q26860
Q3628780,Q3628773
Q3628780,Q1407627
Q3879563,Q3879570
Q3879563,Q3879648
Q3879563,Q1005212
Q3879563,Q3628773
Q1408906,Q1408797
Q1408906,Q3628760
Q1408906,Q1408846
Q1408906,Q2306535
Q1408906,Q3628681
Q13424670,Q5443155
Q3879641,Q3879644
Q3879641,Q3879648
Q1408846,Q1408797
Q1408846,Q3628760
Q1408846,Q1409616
Q1408846,Q2306561
Q1076288,Q3879597
Q7500776,Q7500791
Q1005212,Q1005066
Q1005212,Q1004935
Q3811002,Q3811008
Q8037920,Q311161
Q10719573,Q10572440
Q1004985,Q1005063
Q1004985,Q1005066
Q1004985,Q1004935
Q3811010,Q3811008
Q3811010,Q3811012
Q8037963,Q8037966
Q3628767,Q3628760
Q726294,Q173585
Q726294,Q1140085
Q726294,Q478212
Q726294,Q841476
Q726294,Q471720
Q726294,Q232219
Q726294,Q1140762
Q726294,Q170035
Q1409616,Q1408797
Q1480747,Q1141457
Q1480747,Q854589
Q1480747,Q229603
Q1480747,Q169082
Q1480747,Q162277
Q1480747,Q161400
Q1480747,Q1140085
Q161087,Q166272
Q161087,Q478626
Q161087,Q160560
Q161087,Q167726
Q161087,Q1124980
Q161087,Q1140085
Q161087,Q1129381
Q499371,Q270410
Q499371,Q844506
Q4000244,Q4000234
Q1408797,Q2306561
Q3879649,Q3879657
Q3879649,Q3879648
Q3879644,Q3879655
Q3879644,Q3879660
Q988364,Q3879597
Q4354069,Q576599
Q10522576,Q55615399
Q1005757,Q1005618
Q1005757,Q1005753
Q1004991,Q1005576
Q988347,Q988362
Q1408897,Q1408876
Q3565760,Q3500383
Q596754,Q478626
Q10497008,Q10572463
Q3628701,Q3628700
Q3879647,Q3879659
Q1005753,Q576599
Q1005296,Q1005576
Q3879576,Q1141034
Q7979991,Q7979987
Q10522550,Q4160926
Q3879660,Q3879648
Q26860,Q1408876
Q4467904,Q12808144
Q55615399,Q55615398
Q25239317,Q7979999
Q1042644,Q615345
Q3811012,Q3811008
Q1408876,Q1407627
Q2306561,Q478626
Q780886,Q1043614
Q780886,Q1326725
Q838154,Q1125451
Q838154,Q1199323
Q498442,Q1336107
Q498442,Q241218
Q498442,Q836821
Q498442,Q498109
Q498442,Q478626
Q498442,Q478212
Q748614,Q1141457
Q162225,Q270351
Q162225,Q229603
Q165817,Q1035093
Q165817,Q162729
Q165817,Q478626
Q165817,Q839434
Q165817,Q165394
Q165817,Q165392
Q165817,Q241218
Q165817,Q168010
Q165817,Q166262
Q165817,Q472361
Q165817,Q272064
Q1216898,Q849475
Q161400,Q166262
Q161400,Q162277
Q161400,Q1129069
Q165325,Q498109
Q164963,Q160560
Q164963,Q160215
Q1326725,Q718524
Q836821,Q303862
Q836821,Q229599
Q836821,Q157044
Q836821,Q913440
Q839434,Q1125451
Q839434,Q1140578
Q839434,Q1129381
Q839434,Q164813
Q163549,Q498109
Q163549,Q478626
Q163549,Q164813
Q163549,Q483941
Q163549,Q159690
Q163549,Q156911
Q163549,Q165392
Q498867,Q472361
Q498867,Q250912
Q498867,Q1141252
Q498867,Q165394
Q1127184,Q228936
Q740528,Q269912
Q740528,Q34414
Q740528,Q471976
Q740528,Q498109
Q740528,Q249288
Q740528,Q472361
Q841515,Q833566
Q841515,Q741196
Q841515,Q228936
Q1140085,Q478212
Q1140085,Q162729
Q1140085,Q1127709
Q1125451,Q1129069
Q1125451,Q169082
Q1125451,Q269912
Q303862,Q1519049
Q913440,Q1141460
Q913440,Q165392
Q913440,Q483941
Q913440,Q167726
Q913440,Q1035093
Q913440,Q162729
Q913440,Q1127281
Q913440,Q1129069
Q913440,Q841476
Q913440,Q833566
Q913440,Q1140578
Q913440,Q842770
Q913440,Q478748
Q913440,Q170035
Q498109,Q499535
Q498109,Q1129381
Q498109,Q1519049
Q498109,Q471976
Q1199323,Q1519049
Q760266,Q1043614
Q478212,Q232219
Q478212,Q849475
Q478212,Q160560
Q478212,Q166262
Q478212,Q34414
Q478212,Q842073
Q1141111,Q169082
Q1141111,Q833299
Q918380,Q1124875
Q918380,Q1140762
Q499535,Q156608
Q1336107,Q162729
Q1519049,Q169082
Q1129069,Q854589
Q1129069,Q167726
Q1129069,Q1138936
Q164813,Q164804
Q164813,Q160560
Q164813,Q170035
Q164813,Q478626
Q164813,Q1127281
Q164813,Q165392
Q498910,Q1129381
Q498910,Q849656
Q498910,Q160560
Q498910,Q1138936
Q475693,Q483166
Q165394,Q1141252
Q165394,Q156911
Q741196,Q848785
Q741196,Q241218
Q841476,Q483941
Q841476,Q471720
Q841476,Q833566
Q841476,Q842720
Q841476,Q720357
Q841476,Q270351
Q851095,Q267018
Q851095,Q270351
Q851095,Q472165
Q851095,Q272064
Q1123621,Q165392
Q159638,Q164804
Q159638,Q270410
Q1035093,Q720357
Q833566,Q478748
Q833566,Q267018
Q833566,Q169082
Q1124875,Q164804
Q1124875,Q844068
Q1140578,Q34414
Q1140578,Q229603
Q1140578,Q168010
Q1140578,Q270351
Q1140578,Q241218
Q1140578,Q844068
Q162277,Q160215
Q162277,Q167437
Q162277,Q229599
Q162277,Q170035
Q263460,Q1129381
Q164804,Q272064
Q164804,Q1130395
Q164804,Q1141252
Q166272,Q3018583
Q166272,Q842073
Q164417,Q162729
Q164417,Q1124080
Q858467,Q1139794
Q858467,Q167726
Q1141252,Q483941
Q1141252,Q478626
Q1141252,Q162729
Q1141252,Q844068
Q1141252,Q472361
Q167437,Q272064
Q294641,Q483941
Q294641,Q844068
Q1140439,Q844068
Q34414,Q168010
Q34414,Q833299
Q483118,Q166262
Q483118,Q842770
Q165392,Q168862
Q165392,Q483941
Q165392,Q1129381
Q165392,Q157044
Q157044,Q232219
Q157044,Q162729
Q157044,Q854589
Q157044,Q499633
Q157044,Q842770
Q162729,Q166262
Q162729,Q855222
Q162729,Q241085
Q162729,Q272064
Q833299,Q1129534
Q833299,Q842073
Q241218,Q478626
Q241218,Q167726
Q241218,Q166262
Q241218,Q1043614
Q241218,Q270215
Q241218,Q1129381
Q182763,Q173585
Q499633,Q1127281
Q499633,Q229603
Q499633,Q167726
Q499633,Q270215
Q1130395,Q855222
Q1130395,Q156911
Q1130395,Q271006
Q160560,Q1043614
Q160560,Q166262
Q160560,Q478748
Q168010,Q156911
Q168010,Q229599
Q168010,Q229603
Q168010,Q270215
Q156911,Q166262
Q156911,Q229599
Q1129227,Q168862
Q1129227,Q1129381
Q160215,Q167726
Q160215,Q842770
Q159690,Q1141460
Q159690,Q1139794
Q159690,Q1124080
Q159690,Q267018
Q267018,Q472361
Q1043614,Q483941
Q1043614,Q1140762
Q1127281,Q720357
Q1127281,Q844068
Q1127281,Q1129381
Q842720,Q249288
Q842073,Q169082
Q842073,Q173585
Q854589,Q267866
Q854589,Q720357
Q854589,Q834021
Q166262,Q483941
Q166262,Q156608
Q267866,Q849656
Q267866,Q270351
Q720357,Q229599
Q720357,Q471720
Q271006,Q272064
Q855222,Q1141460
Q855222,Q229599
Q1139794,Q232219
Q1139794,Q168862
Q156608,Q849656
Q156608,Q272064
Q849656,Q270410
Q849656,Q1129381
Q849656,Q167726
Q849656,Q844068
Q849656,Q249288
Q849656,Q472165
Q328723,Q170035
Q1138936,Q848785
Q1138936,Q167726
Q844506,Q1141457
Q844506,Q1129534
Q844506,Q1124080
Q844068,Q270410
Q844068,Q168862
Q168862,Q1129381
Q471976,Q472361
Q849475,Q718524
Q167726,Q483941
Q167726,Q270410
Q167726,Q1140762
Q167726,Q270215
Q167726,Q1129381
Q167726,Q272064
Q167726,Q478748
Q1141457,Q834021
Q250912,Q1127709
Q250912,Q834021
Q472165,Q1124080
Q472165,Q1129381
Q228936,Q270410
Q232219,Q1124980
Q483941,Q472361
Q483941,Q844883
Q270410,Q1129534
Q336018,Q3018583
Q270215,Q478626
Q270215,Q1129381
Q1129381,Q844883
Q1129534,Q478748
Q1129534,Q1141460
Q472361,Q844883
Q272064,Q844883
Q229599,Q229603
